date,shoe_ID,model,side,location,final_mm,initial ,
1/17/2020,R50,Adidas Astrarun (60A),R,heel,0.80,1.85,-1.05
1/17/2020,R50,Adidas Astrarun (60A),R,heel,0.71,1.85,-1.14
1/17/2020,R50,Adidas Astrarun (60A),R,heel,0.70,1.86,-1.16
1/17/2020,R50,Adidas Astrarun (60A),R,ball,0.00,1.58,-1.58
1/17/2020,R50,Adidas Astrarun (60A),R,ball,0.00,1.58,-1.58
1/17/2020,R50,Adidas Astrarun (60A),R,ball,0.00,1.61,-1.61
1/17/2020,R50,Adidas Astrarun (60A),R,outer_arch,1.03,1.54,-0.51
1/17/2020,R50,Adidas Astrarun (60A),R,outer_arch,1.08,1.64,-0.56
1/17/2020,R50,Adidas Astrarun (60A),R,outer_arch,1.05,1.70,-0.65
1/17/2020,R50,Adidas Astrarun (60A),R,tip,0.57,1.89,-1.32
1/17/2020,R50,Adidas Astrarun (60A),R,tip,0.49,1.80,-1.31
1/17/2020,R50,Adidas Astrarun (60A),R,tip,0.40,1.80,-1.40
1/17/2020,L50,Adidas Astrarun (60A),L,heel,1.42,2.04,-0.62
1/17/2020,L50,Adidas Astrarun (60A),L,heel,1.42,1.98,-0.56
1/17/2020,L50,Adidas Astrarun (60A),L,heel,1.40,1.98,-0.58
1/17/2020,L50,Adidas Astrarun (60A),L,ball,0.00,1.75,-1.75
1/17/2020,L50,Adidas Astrarun (60A),L,ball,0.00,1.73,-1.73
1/17/2020,L50,Adidas Astrarun (60A),L,ball,0.00,1.77,-1.77
1/17/2020,L50,Adidas Astrarun (60A),L,outer_arch,1.47,1.94,-0.47
1/17/2020,L50,Adidas Astrarun (60A),L,outer_arch,1.47,1.87,-0.40
1/17/2020,L50,Adidas Astrarun (60A),L,outer_arch,1.50,1.88,-0.38
1/17/2020,L50,Adidas Astrarun (60A),L,tip,0.37,2.02,-1.65
1/17/2020,L50,Adidas Astrarun (60A),L,tip,0.25,1.89,-1.64
1/17/2020,L50,Adidas Astrarun (60A),L,tip,0.31,1.91,-1.60
1/20/2020,R31,Adidas Astrarun (60A),R,heel,1.74,1.85,-0.11
1/20/2020,R31,Adidas Astrarun (60A),R,heel,1.71,1.85,-0.14
1/20/2020,R31,Adidas Astrarun (60A),R,heel,1.74,1.86,-0.12
1/20/2020,R31,Adidas Astrarun (60A),R,ball,1.68,1.58,0.10
1/20/2020,R31,Adidas Astrarun (60A),R,ball,1.56,1.58,-0.02
1/20/2020,R31,Adidas Astrarun (60A),R,ball,1.62,1.61,0.01
1/20/2020,R31,Adidas Astrarun (60A),R,outer_arch,1.74,1.54,0.20
1/20/2020,R31,Adidas Astrarun (60A),R,outer_arch,1.73,1.64,0.09
1/20/2020,R31,Adidas Astrarun (60A),R,outer_arch,1.71,1.70,0.01
1/20/2020,R31,Adidas Astrarun (60A),R,tip,2.00,1.89,0.11
1/20/2020,R31,Adidas Astrarun (60A),R,tip,1.90,1.80,0.10
1/20/2020,R31,Adidas Astrarun (60A),R,tip,2.04,1.80,0.24
1/20/2020,L31,Adidas Astrarun (60A),L,heel,1.65,2.04,-0.39
1/20/2020,L31,Adidas Astrarun (60A),L,heel,1.66,1.98,-0.32
1/20/2020,L31,Adidas Astrarun (60A),L,heel,1.67,1.98,-0.31
1/20/2020,L31,Adidas Astrarun (60A),L,ball,1.52,1.75,-0.23
1/20/2020,L31,Adidas Astrarun (60A),L,ball,1.48,1.73,-0.25
1/20/2020,L31,Adidas Astrarun (60A),L,ball,1.43,1.77,-0.34
1/20/2020,L31,Adidas Astrarun (60A),L,outer_arch,1.65,1.94,-0.29
1/20/2020,L31,Adidas Astrarun (60A),L,outer_arch,1.66,1.87,-0.21
1/20/2020,L31,Adidas Astrarun (60A),L,outer_arch,1.60,1.88,-0.28
1/20/2020,L31,Adidas Astrarun (60A),L,tip,1.93,2.02,-0.09
1/20/2020,L31,Adidas Astrarun (60A),L,tip,1.92,1.89,0.03
1/20/2020,L31,Adidas Astrarun (60A),L,tip,2.03,1.91,0.12
1/21/2020,R48,Adidas Astrarun (60A),R,heel,1.36,1.85,-0.49
1/21/2020,R48,Adidas Astrarun (60A),R,heel,1.37,1.85,-0.48
1/21/2020,R48,Adidas Astrarun (60A),R,heel,1.37,1.86,-0.49
1/21/2020,R48,Adidas Astrarun (60A),R,ball,0.99,1.58,-0.59
1/21/2020,R48,Adidas Astrarun (60A),R,ball,1.13,1.58,-0.45
1/21/2020,R48,Adidas Astrarun (60A),R,ball,1.16,1.61,-0.45
1/21/2020,R48,Adidas Astrarun (60A),R,outer_arch,1.60,1.54,0.06
1/21/2020,R48,Adidas Astrarun (60A),R,outer_arch,1.59,1.64,-0.05
1/21/2020,R48,Adidas Astrarun (60A),R,outer_arch,1.62,1.70,-0.08
1/21/2020,R48,Adidas Astrarun (60A),R,tip,1.26,1.89,-0.63
1/21/2020,R48,Adidas Astrarun (60A),R,tip,1.18,1.80,-0.62
1/21/2020,R48,Adidas Astrarun (60A),R,tip,1.27,1.80,-0.53
1/21/2020,L48,Adidas Astrarun (60A),L,heel,1.56,2.04,-0.48
1/21/2020,L48,Adidas Astrarun (60A),L,heel,1.60,1.98,-0.38
1/21/2020,L48,Adidas Astrarun (60A),L,heel,1.64,1.98,-0.34
1/21/2020,L48,Adidas Astrarun (60A),L,ball,0.61,1.75,-1.14
1/21/2020,L48,Adidas Astrarun (60A),L,ball,0.62,1.73,-1.11
1/21/2020,L48,Adidas Astrarun (60A),L,ball,0.62,1.77,-1.15
1/21/2020,L48,Adidas Astrarun (60A),L,outer_arch,1.77,1.94,-0.17
1/21/2020,L48,Adidas Astrarun (60A),L,outer_arch,1.75,1.87,-0.12
1/21/2020,L48,Adidas Astrarun (60A),L,outer_arch,1.72,1.88,-0.16
1/21/2020,L48,Adidas Astrarun (60A),L,tip,0.80,2.02,-1.22
1/21/2020,L48,Adidas Astrarun (60A),L,tip,0.72,1.89,-1.17
1/21/2020,L48,Adidas Astrarun (60A),L,tip,1.07,1.91,-0.84
1/21/2020,R49,Adidas Astrarun (60A),R,heel,1.28,1.85,-0.57
1/21/2020,R49,Adidas Astrarun (60A),R,heel,1.28,1.85,-0.57
1/21/2020,R49,Adidas Astrarun (60A),R,heel,1.33,1.86,-0.53
1/21/2020,R49,Adidas Astrarun (60A),R,ball,0.85,1.58,-0.73
1/21/2020,R49,Adidas Astrarun (60A),R,ball,0.87,1.58,-0.71
1/21/2020,R49,Adidas Astrarun (60A),R,ball,0.79,1.61,-0.82
1/21/2020,R49,Adidas Astrarun (60A),R,outer_arch,1.56,1.54,0.02
1/21/2020,R49,Adidas Astrarun (60A),R,outer_arch,1.49,1.64,-0.15
1/21/2020,R49,Adidas Astrarun (60A),R,outer_arch,1.55,1.70,-0.15
1/21/2020,R49,Adidas Astrarun (60A),R,tip,1.99,1.89,0.10
1/21/2020,R49,Adidas Astrarun (60A),R,tip,1.90,1.80,0.10
1/21/2020,R49,Adidas Astrarun (60A),R,tip,1.97,1.80,0.17
1/21/2020,L49,Adidas Astrarun (60A),L,heel,1.57,2.04,-0.47
1/21/2020,L49,Adidas Astrarun (60A),L,heel,1.68,1.98,-0.30
1/21/2020,L49,Adidas Astrarun (60A),L,heel,1.67,1.98,-0.31
1/21/2020,L49,Adidas Astrarun (60A),L,ball,0.53,1.75,-1.22
1/21/2020,L49,Adidas Astrarun (60A),L,ball,0.43,1.73,-1.30
1/21/2020,L49,Adidas Astrarun (60A),L,ball,0.42,1.77,-1.35
1/21/2020,L49,Adidas Astrarun (60A),L,outer_arch,1.54,1.94,-0.40
1/21/2020,L49,Adidas Astrarun (60A),L,outer_arch,1.60,1.87,-0.27
1/21/2020,L49,Adidas Astrarun (60A),L,outer_arch,1.54,1.88,-0.34
1/21/2020,L49,Adidas Astrarun (60A),L,tip,1.01,2.02,-1.01
1/21/2020,L49,Adidas Astrarun (60A),L,tip,1.02,1.89,-0.87
1/21/2020,L49,Adidas Astrarun (60A),L,tip,1.06,1.91,-0.85
1/17/2020,R06,adidas F/22 Prime Knit,R,heel,1.32,1.33,-0.01
1/17/2020,R06,adidas F/22 Prime Knit,R,heel,1.20,1.28,-0.08
1/17/2020,R06,adidas F/22 Prime Knit,R,heel,1.27,1.29,-0.02
1/17/2020,R06,adidas F/22 Prime Knit,R,ball,1.22,1.60,-0.38
1/17/2020,R06,adidas F/22 Prime Knit,R,ball,1.29,1.54,-0.25
1/17/2020,R06,adidas F/22 Prime Knit,R,ball,1.35,1.59,-0.24
1/17/2020,R06,adidas F/22 Prime Knit,R,outer_arch,1.54,1.35,0.19
1/17/2020,R06,adidas F/22 Prime Knit,R,outer_arch,1.41,1.39,0.02
1/17/2020,R06,adidas F/22 Prime Knit,R,outer_arch,1.46,1.40,0.06
1/17/2020,R06,adidas F/22 Prime Knit,R,tip,1.11,1.16,-0.05
1/17/2020,R06,adidas F/22 Prime Knit,R,tip,1.08,1.20,-0.12
1/17/2020,R06,adidas F/22 Prime Knit,R,tip,1.10,1.13,-0.03
1/17/2020,L06,adidas F/22 Prime Knit,L,heel,1.19,1.35,-0.16
1/17/2020,L06,adidas F/22 Prime Knit,L,heel,1.32,1.34,-0.02
1/17/2020,L06,adidas F/22 Prime Knit,L,heel,1.23,1.31,-0.08
1/17/2020,L06,adidas F/22 Prime Knit,L,ball,1.33,1.41,-0.08
1/17/2020,L06,adidas F/22 Prime Knit,L,ball,1.27,1.42,-0.15
1/17/2020,L06,adidas F/22 Prime Knit,L,ball,1.27,1.33,-0.06
1/17/2020,L06,adidas F/22 Prime Knit,L,outer_arch,1.45,1.33,0.12
1/17/2020,L06,adidas F/22 Prime Knit,L,outer_arch,1.51,1.32,0.19
1/17/2020,L06,adidas F/22 Prime Knit,L,outer_arch,1.48,1.34,0.14
1/17/2020,L06,adidas F/22 Prime Knit,L,tip,1.02,1.13,-0.11
1/17/2020,L06,adidas F/22 Prime Knit,L,tip,1.01,1.11,-0.10
1/17/2020,L06,adidas F/22 Prime Knit,L,tip,1.03,1.15,-0.12
1/23/2020,R10,adidas F/22 Prime Knit,R,heel,1.20,1.33,-0.13
1/23/2020,R10,adidas F/22 Prime Knit,R,heel,1.16,1.28,-0.12
1/23/2020,R10,adidas F/22 Prime Knit,R,heel,1.14,1.29,-0.15
1/23/2020,R10,adidas F/22 Prime Knit,R,ball,1.48,1.60,-0.12
1/23/2020,R10,adidas F/22 Prime Knit,R,ball,1.48,1.54,-0.06
1/23/2020,R10,adidas F/22 Prime Knit,R,ball,1.50,1.59,-0.09
1/23/2020,R10,adidas F/22 Prime Knit,R,outer_arch,1.11,1.35,-0.24
1/23/2020,R10,adidas F/22 Prime Knit,R,outer_arch,1.15,1.39,-0.24
1/23/2020,R10,adidas F/22 Prime Knit,R,outer_arch,1.11,1.40,-0.29
1/23/2020,R10,adidas F/22 Prime Knit,R,tip,0.96,1.16,-0.20
1/23/2020,R10,adidas F/22 Prime Knit,R,tip,0.91,1.20,-0.29
1/23/2020,R10,adidas F/22 Prime Knit,R,tip,0.94,1.13,-0.19
1/23/2020,L10,adidas F/22 Prime Knit,L,heel,1.17,1.35,-0.18
1/23/2020,L10,adidas F/22 Prime Knit,L,heel,1.17,1.34,-0.17
1/23/2020,L10,adidas F/22 Prime Knit,L,heel,1.18,1.31,-0.13
1/23/2020,L10,adidas F/22 Prime Knit,L,ball,1.40,1.41,-0.01
1/23/2020,L10,adidas F/22 Prime Knit,L,ball,1.38,1.42,-0.04
1/23/2020,L10,adidas F/22 Prime Knit,L,ball,1.35,1.33,0.02
1/23/2020,L10,adidas F/22 Prime Knit,L,outer_arch,1.41,1.33,0.08
1/23/2020,L10,adidas F/22 Prime Knit,L,outer_arch,1.32,1.32,0.00
1/23/2020,L10,adidas F/22 Prime Knit,L,outer_arch,1.33,1.34,-0.01
1/23/2020,L10,adidas F/22 Prime Knit,L,tip,1.17,1.13,0.04
1/23/2020,L10,adidas F/22 Prime Knit,L,tip,1.15,1.11,0.04
1/23/2020,L10,adidas F/22 Prime Knit,L,tip,1.15,1.15,0.00
1/23/2020,R08,adidas F/22 Prime Knit,R,heel,1.24,1.33,-0.09
1/23/2020,R08,adidas F/22 Prime Knit,R,heel,1.18,1.28,-0.10
1/23/2020,R08,adidas F/22 Prime Knit,R,heel,1.17,1.29,-0.12
1/23/2020,R08,adidas F/22 Prime Knit,R,ball,1.32,1.60,-0.28
1/23/2020,R08,adidas F/22 Prime Knit,R,ball,1.28,1.54,-0.26
1/23/2020,R08,adidas F/22 Prime Knit,R,ball,1.31,1.59,-0.28
1/23/2020,R08,adidas F/22 Prime Knit,R,outer_arch,1.25,1.35,-0.10
1/23/2020,R08,adidas F/22 Prime Knit,R,outer_arch,1.24,1.39,-0.15
1/23/2020,R08,adidas F/22 Prime Knit,R,outer_arch,1.21,1.40,-0.19
1/23/2020,R08,adidas F/22 Prime Knit,R,tip,1.15,1.16,-0.01
1/23/2020,R08,adidas F/22 Prime Knit,R,tip,1.12,1.20,-0.08
1/23/2020,R08,adidas F/22 Prime Knit,R,tip,1.11,1.13,-0.02
1/23/2020,L10,adidas F/22 Prime Knit,L,heel,1.25,1.35,-0.10
1/23/2020,L10,adidas F/22 Prime Knit,L,heel,1.23,1.34,-0.11
1/23/2020,L10,adidas F/22 Prime Knit,L,heel,1.28,1.31,-0.03
1/23/2020,L10,adidas F/22 Prime Knit,L,ball,1.28,1.41,-0.13
1/23/2020,L10,adidas F/22 Prime Knit,L,ball,1.24,1.42,-0.18
1/23/2020,L10,adidas F/22 Prime Knit,L,ball,1.24,1.33,-0.09
1/23/2020,L10,adidas F/22 Prime Knit,L,outer_arch,1.44,1.33,0.11
1/23/2020,L10,adidas F/22 Prime Knit,L,outer_arch,1.48,1.32,0.16
1/23/2020,L10,adidas F/22 Prime Knit,L,outer_arch,1.41,1.34,0.07
1/23/2020,L10,adidas F/22 Prime Knit,L,tip,1.22,1.13,0.09
1/23/2020,L10,adidas F/22 Prime Knit,L,tip,1.24,1.11,0.13
1/23/2020,L10,adidas F/22 Prime Knit,L,tip,1.23,1.15,0.08
1/16/2020,R27,Adidas Nizza(50A syn) white,R,heel,1.58,1.76,-0.18
1/16/2020,R27,Adidas Nizza(50A syn) white,R,heel,1.52,1.8,-0.28
1/16/2020,R27,Adidas Nizza(50A syn) white,R,heel,1.55,1.77,-0.22
1/16/2020,R27,Adidas Nizza(50A syn) white,R,ball,2.60,3.48,-0.88
1/16/2020,R27,Adidas Nizza(50A syn) white,R,ball,2.66,3.36,-0.70
1/16/2020,R27,Adidas Nizza(50A syn) white,R,ball,2.63,3.45,-0.82
1/16/2020,R27,Adidas Nizza(50A syn) white,R,outer_arch,3.11,3.2,-0.09
1/16/2020,R27,Adidas Nizza(50A syn) white,R,outer_arch,3.10,3.12,-0.02
1/16/2020,R27,Adidas Nizza(50A syn) white,R,outer_arch,3.11,2.96,0.15
1/16/2020,R27,Adidas Nizza(50A syn) white,R,tip,2.36,3.16,-0.80
1/16/2020,R27,Adidas Nizza(50A syn) white,R,tip,2.36,3.32,-0.96
1/16/2020,R27,Adidas Nizza(50A syn) white,R,tip,2.38,3.31,-0.93
1/16/2020,L27,Adidas Nizza(50A syn) white,L,heel,1.32,1.92,-0.60
1/16/2020,L27,Adidas Nizza(50A syn) white,L,heel,1.33,1.92,-0.59
1/16/2020,L27,Adidas Nizza(50A syn) white,L,heel,1.42,1.93,-0.51
1/16/2020,L27,Adidas Nizza(50A syn) white,L,ball,2.66,3.42,-0.76
1/16/2020,L27,Adidas Nizza(50A syn) white,L,ball,2.65,3.46,-0.81
1/16/2020,L27,Adidas Nizza(50A syn) white,L,ball,2.56,3.44,-0.88
1/16/2020,L27,Adidas Nizza(50A syn) white,L,outer_arch,2.94,3.22,-0.28
1/16/2020,L27,Adidas Nizza(50A syn) white,L,outer_arch,2.97,3.18,-0.21
1/16/2020,L27,Adidas Nizza(50A syn) white,L,outer_arch,2.89,3.15,-0.26
1/16/2020,L27,Adidas Nizza(50A syn) white,L,tip,2.38,3.44,-1.06
1/16/2020,L27,Adidas Nizza(50A syn) white,L,tip,2.38,3.3,-0.92
1/16/2020,L27,Adidas Nizza(50A syn) white,L,tip,2.31,3.35,-1.04
1/20/2020,R30,Adidas Nizza(50A syn) white,R,heel,1.65,1.76,-0.11
1/20/2020,R30,Adidas Nizza(50A syn) white,R,heel,1.71,1.8,-0.09
1/20/2020,R30,Adidas Nizza(50A syn) white,R,heel,1.72,1.77,-0.05
1/20/2020,R30,Adidas Nizza(50A syn) white,R,ball,3.25,3.48,-0.23
1/20/2020,R30,Adidas Nizza(50A syn) white,R,ball,3.35,3.36,-0.01
1/20/2020,R30,Adidas Nizza(50A syn) white,R,ball,3.53,3.45,0.08
1/20/2020,R30,Adidas Nizza(50A syn) white,R,outer_arch,3.20,3.2,0.00
1/20/2020,R30,Adidas Nizza(50A syn) white,R,outer_arch,2.99,3.12,-0.13
1/20/2020,R30,Adidas Nizza(50A syn) white,R,outer_arch,3.22,2.96,0.26
1/20/2020,R30,Adidas Nizza(50A syn) white,R,tip,2.81,3.16,-0.35
1/20/2020,R30,Adidas Nizza(50A syn) white,R,tip,2.92,3.32,-0.40
1/20/2020,R30,Adidas Nizza(50A syn) white,R,tip,2.88,3.31,-0.43
1/20/2020,L30,Adidas Nizza(50A syn) white,L,heel,1.72,1.92,-0.20
1/20/2020,L30,Adidas Nizza(50A syn) white,L,heel,1.56,1.92,-0.36
1/20/2020,L30,Adidas Nizza(50A syn) white,L,heel,1.60,1.93,-0.33
1/20/2020,L30,Adidas Nizza(50A syn) white,L,ball,3.42,3.42,0.00
1/20/2020,L30,Adidas Nizza(50A syn) white,L,ball,3.46,3.46,0.00
1/20/2020,L30,Adidas Nizza(50A syn) white,L,ball,3.30,3.44,-0.14
1/20/2020,L30,Adidas Nizza(50A syn) white,L,outer_arch,3.23,3.22,0.01
1/20/2020,L30,Adidas Nizza(50A syn) white,L,outer_arch,3.27,3.18,0.09
1/20/2020,L30,Adidas Nizza(50A syn) white,L,outer_arch,3.27,3.15,0.12
1/20/2020,L30,Adidas Nizza(50A syn) white,L,tip,2.98,3.44,-0.46
1/20/2020,L30,Adidas Nizza(50A syn) white,L,tip,2.95,3.3,-0.35
1/20/2020,L30,Adidas Nizza(50A syn) white,L,tip,2.89,3.35,-0.46
1/21/2020,R29,Adidas Nizza(50A syn) white,R,heel,1.38,1.76,-0.38
1/21/2020,R29,Adidas Nizza(50A syn) white,R,heel,1.26,1.8,-0.54
1/21/2020,R29,Adidas Nizza(50A syn) white,R,heel,1.19,1.77,-0.58
1/21/2020,R29,Adidas Nizza(50A syn) white,R,ball,2.75,3.48,-0.73
1/21/2020,R29,Adidas Nizza(50A syn) white,R,ball,2.78,3.36,-0.58
1/21/2020,R29,Adidas Nizza(50A syn) white,R,ball,2.78,3.45,-0.67
1/21/2020,R29,Adidas Nizza(50A syn) white,R,outer_arch,2.99,3.2,-0.21
1/21/2020,R29,Adidas Nizza(50A syn) white,R,outer_arch,2.98,3.12,-0.14
1/21/2020,R29,Adidas Nizza(50A syn) white,R,outer_arch,2.73,2.96,-0.23
1/21/2020,R29,Adidas Nizza(50A syn) white,R,tip,2.91,3.16,-0.25
1/21/2020,R29,Adidas Nizza(50A syn) white,R,tip,2.95,3.32,-0.37
1/21/2020,R29,Adidas Nizza(50A syn) white,R,tip,2.84,3.31,-0.47
1/21/2020,L29,Adidas Nizza(50A syn) white,L,heel,1.13,1.92,-0.79
1/21/2020,L29,Adidas Nizza(50A syn) white,L,heel,1.16,1.92,-0.76
1/21/2020,L29,Adidas Nizza(50A syn) white,L,heel,1.01,1.93,-0.92
1/21/2020,L29,Adidas Nizza(50A syn) white,L,ball,3.06,3.42,-0.36
1/21/2020,L29,Adidas Nizza(50A syn) white,L,ball,3.04,3.46,-0.42
1/21/2020,L29,Adidas Nizza(50A syn) white,L,ball,2.88,3.44,-0.56
1/21/2020,L29,Adidas Nizza(50A syn) white,L,outer_arch,3.06,3.22,-0.16
1/21/2020,L29,Adidas Nizza(50A syn) white,L,outer_arch,2.95,3.18,-0.23
1/21/2020,L29,Adidas Nizza(50A syn) white,L,outer_arch,3.10,3.15,-0.05
1/21/2020,L29,Adidas Nizza(50A syn) white,L,tip,2.94,3.44,-0.50
1/21/2020,L29,Adidas Nizza(50A syn) white,L,tip,2.83,3.3,-0.47
1/21/2020,L29,Adidas Nizza(50A syn) white,L,tip,2.96,3.35,-0.39
1/21/2020,R28,Adidas Nizza(50A syn) white,R,heel,1.45,1.76,-0.31
1/21/2020,R28,Adidas Nizza(50A syn) white,R,heel,1.66,1.8,-0.14
1/21/2020,R28,Adidas Nizza(50A syn) white,R,heel,1.22,1.77,-0.55
1/21/2020,R28,Adidas Nizza(50A syn) white,R,ball,3.15,3.48,-0.33
1/21/2020,R28,Adidas Nizza(50A syn) white,R,ball,3.11,3.36,-0.25
1/21/2020,R28,Adidas Nizza(50A syn) white,R,ball,3.08,3.45,-0.37
1/21/2020,R28,Adidas Nizza(50A syn) white,R,outer_arch,3.16,3.2,-0.04
1/21/2020,R28,Adidas Nizza(50A syn) white,R,outer_arch,3.04,3.12,-0.08
1/21/2020,R28,Adidas Nizza(50A syn) white,R,outer_arch,3.04,2.96,0.08
1/21/2020,R28,Adidas Nizza(50A syn) white,R,tip,2.75,3.16,-0.41
1/21/2020,R28,Adidas Nizza(50A syn) white,R,tip,2.64,3.32,-0.68
1/21/2020,R28,Adidas Nizza(50A syn) white,R,tip,2.80,3.31,-0.51
1/21/2020,L28,Adidas Nizza(50A syn) white,L,heel,1.64,1.92,-0.28
1/21/2020,L28,Adidas Nizza(50A syn) white,L,heel,1.58,1.92,-0.34
1/21/2020,L28,Adidas Nizza(50A syn) white,L,heel,1.60,1.93,-0.33
1/21/2020,L28,Adidas Nizza(50A syn) white,L,ball,3.19,3.42,-0.23
1/21/2020,L28,Adidas Nizza(50A syn) white,L,ball,2.98,3.46,-0.48
1/21/2020,L28,Adidas Nizza(50A syn) white,L,ball,3.01,3.44,-0.43
1/21/2020,L28,Adidas Nizza(50A syn) white,L,outer_arch,2.94,3.22,-0.28
1/21/2020,L28,Adidas Nizza(50A syn) white,L,outer_arch,2.87,3.18,-0.31
1/21/2020,L28,Adidas Nizza(50A syn) white,L,outer_arch,2.95,3.15,-0.20
1/21/2020,L28,Adidas Nizza(50A syn) white,L,tip,2.86,3.44,-0.58
1/21/2020,L28,Adidas Nizza(50A syn) white,L,tip,2.85,3.3,-0.45
1/21/2020,L28,Adidas Nizza(50A syn) white,L,tip,2.79,3.35,-0.56
1/16/2020,R59,Adidas Nizza(60A) black,R,heel,1.36,1.76,-0.40
1/16/2020,R59,Adidas Nizza(60A) black,R,heel,1.41,1.64,-0.23
1/16/2020,R59,Adidas Nizza(60A) black,R,heel,1.37,1.82,-0.45
1/16/2020,R59,Adidas Nizza(60A) black,R,ball,3.04,2.52,0.52
1/16/2020,R59,Adidas Nizza(60A) black,R,ball,2.99,2.68,0.31
1/16/2020,R59,Adidas Nizza(60A) black,R,ball,3.18,2.55,0.63
1/16/2020,R59,Adidas Nizza(60A) black,R,outer_arch,3.04,3.21,-0.17
1/16/2020,R59,Adidas Nizza(60A) black,R,outer_arch,3.17,3.12,0.05
1/16/2020,R59,Adidas Nizza(60A) black,R,outer_arch,3.08,3.04,0.04
1/16/2020,R59,Adidas Nizza(60A) black,R,tip,2.87,2.98,-0.11
1/16/2020,R59,Adidas Nizza(60A) black,R,tip,2.99,3.00,-0.01
1/16/2020,R59,Adidas Nizza(60A) black,R,tip,2.91,3.00,-0.09
1/16/2020,L59,Adidas Nizza(60A) black,L,heel,1.30,1.81,-0.51
1/16/2020,L59,Adidas Nizza(60A) black,L,heel,1.16,1.84,-0.68
1/16/2020,L59,Adidas Nizza(60A) black,L,heel,1.18,1.86,-0.68
1/16/2020,L59,Adidas Nizza(60A) black,L,ball,3.15,2.41,0.74
1/16/2020,L59,Adidas Nizza(60A) black,L,ball,3.13,2.33,0.80
1/16/2020,L59,Adidas Nizza(60A) black,L,ball,3.10,2.37,0.73
1/16/2020,L59,Adidas Nizza(60A) black,L,outer_arch,3.20,3.08,0.12
1/16/2020,L59,Adidas Nizza(60A) black,L,outer_arch,3.13,3.24,-0.11
1/16/2020,L59,Adidas Nizza(60A) black,L,outer_arch,3.00,3.09,-0.09
1/16/2020,L59,Adidas Nizza(60A) black,L,tip,2.64,3.07,-0.43
1/16/2020,L59,Adidas Nizza(60A) black,L,tip,2.53,2.97,-0.44
1/16/2020,L59,Adidas Nizza(60A) black,L,tip,2.56,3.02,-0.46
1/20/2020,R26,Adidas Nizza(60A) black,R,heel,1.73,1.76,-0.03
1/20/2020,R26,Adidas Nizza(60A) black,R,heel,1.75,1.64,0.11
1/20/2020,R26,Adidas Nizza(60A) black,R,heel,1.75,1.82,-0.07
1/20/2020,R26,Adidas Nizza(60A) black,R,ball,2.05,2.52,-0.47
1/20/2020,R26,Adidas Nizza(60A) black,R,ball,2.22,2.68,-0.46
1/20/2020,R26,Adidas Nizza(60A) black,R,ball,2.22,2.55,-0.33
1/20/2020,R26,Adidas Nizza(60A) black,R,outer_arch,3.09,3.21,-0.12
1/20/2020,R26,Adidas Nizza(60A) black,R,outer_arch,3.33,3.12,0.21
1/20/2020,R26,Adidas Nizza(60A) black,R,outer_arch,3.12,3.04,0.08
1/20/2020,R26,Adidas Nizza(60A) black,R,tip,2.64,2.98,-0.34
1/20/2020,R26,Adidas Nizza(60A) black,R,tip,2.60,3.00,-0.40
1/20/2020,R26,Adidas Nizza(60A) black,R,tip,2.63,3.00,-0.37
1/20/2020,L26,Adidas Nizza(60A) black,L,heel,1.60,1.81,-0.21
1/20/2020,L26,Adidas Nizza(60A) black,L,heel,1.49,1.84,-0.35
1/20/2020,L26,Adidas Nizza(60A) black,L,heel,1.52,1.86,-0.34
1/20/2020,L26,Adidas Nizza(60A) black,L,ball,2.65,2.41,0.24
1/20/2020,L26,Adidas Nizza(60A) black,L,ball,2.71,2.33,0.38
1/20/2020,L26,Adidas Nizza(60A) black,L,ball,2.65,2.37,0.28
1/20/2020,L26,Adidas Nizza(60A) black,L,outer_arch,3.09,3.08,0.01
1/20/2020,L26,Adidas Nizza(60A) black,L,outer_arch,2.82,3.24,-0.42
1/20/2020,L26,Adidas Nizza(60A) black,L,outer_arch,3.04,3.09,-0.05
1/20/2020,L26,Adidas Nizza(60A) black,L,tip,2.69,3.07,-0.38
1/20/2020,L26,Adidas Nizza(60A) black,L,tip,2.78,2.97,-0.19
1/20/2020,L26,Adidas Nizza(60A) black,L,tip,2.71,3.02,-0.31
1/21/2020,R58,Adidas Nizza(60A) black,R,heel,1.89,1.76,0.13
1/21/2020,R58,Adidas Nizza(60A) black,R,heel,1.76,1.64,0.12
1/21/2020,R58,Adidas Nizza(60A) black,R,heel,1.46,1.82,-0.36
1/21/2020,R58,Adidas Nizza(60A) black,R,ball,3.46,2.52,0.94
1/21/2020,R58,Adidas Nizza(60A) black,R,ball,3.38,2.68,0.70
1/21/2020,R58,Adidas Nizza(60A) black,R,ball,3.32,2.55,0.77
1/21/2020,R58,Adidas Nizza(60A) black,R,outer_arch,3.14,3.21,-0.07
1/21/2020,R58,Adidas Nizza(60A) black,R,outer_arch,3.17,3.12,0.05
1/21/2020,R58,Adidas Nizza(60A) black,R,outer_arch,3.09,3.04,0.05
1/21/2020,R58,Adidas Nizza(60A) black,R,tip,3.13,2.98,0.15
1/21/2020,R58,Adidas Nizza(60A) black,R,tip,3.11,3.00,0.11
1/21/2020,R58,Adidas Nizza(60A) black,R,tip,3.04,3.00,0.04
1/21/2020,L58,Adidas Nizza(60A) black,L,heel,1.77,1.81,-0.04
1/21/2020,L58,Adidas Nizza(60A) black,L,heel,1.58,1.84,-0.26
1/21/2020,L58,Adidas Nizza(60A) black,L,heel,1.75,1.86,-0.11
1/21/2020,L58,Adidas Nizza(60A) black,L,ball,3.24,2.41,0.83
1/21/2020,L58,Adidas Nizza(60A) black,L,ball,3.20,2.33,0.87
1/21/2020,L58,Adidas Nizza(60A) black,L,ball,3.12,2.37,0.75
1/21/2020,L58,Adidas Nizza(60A) black,L,outer_arch,3.24,3.08,0.16
1/21/2020,L58,Adidas Nizza(60A) black,L,outer_arch,3.25,3.24,0.01
1/21/2020,L58,Adidas Nizza(60A) black,L,outer_arch,3.51,3.09,0.42
1/21/2020,L58,Adidas Nizza(60A) black,L,tip,3.07,3.07,0.00
1/21/2020,L58,Adidas Nizza(60A) black,L,tip,3.06,2.97,0.09
1/21/2020,L58,Adidas Nizza(60A) black,L,tip,2.95,3.02,-0.07
1/21/2020,R55,Adidas Nizza(60A) black,R,heel,1.83,1.76,0.07
1/21/2020,R55,Adidas Nizza(60A) black,R,heel,1.89,1.64,0.25
1/21/2020,R55,Adidas Nizza(60A) black,R,heel,2.00,1.82,0.18
1/21/2020,R55,Adidas Nizza(60A) black,R,ball,2.56,2.52,0.04
1/21/2020,R55,Adidas Nizza(60A) black,R,ball,2.56,2.68,-0.12
1/21/2020,R55,Adidas Nizza(60A) black,R,ball,2.50,2.55,-0.05
1/21/2020,R55,Adidas Nizza(60A) black,R,outer_arch,3.13,3.21,-0.08
1/21/2020,R55,Adidas Nizza(60A) black,R,outer_arch,3.11,3.12,-0.01
1/21/2020,R55,Adidas Nizza(60A) black,R,outer_arch,3.18,3.04,0.14
1/21/2020,R55,Adidas Nizza(60A) black,R,tip,2.74,2.98,-0.24
1/21/2020,R55,Adidas Nizza(60A) black,R,tip,2.75,3.00,-0.25
1/21/2020,R55,Adidas Nizza(60A) black,R,tip,2.75,3.00,-0.25
1/21/2020,L55,Adidas Nizza(60A) black,L,heel,1.76,1.81,-0.05
1/21/2020,L55,Adidas Nizza(60A) black,L,heel,1.78,1.84,-0.06
1/21/2020,L55,Adidas Nizza(60A) black,L,heel,1.68,1.86,-0.18
1/21/2020,L55,Adidas Nizza(60A) black,L,ball,2.43,2.41,0.02
1/21/2020,L55,Adidas Nizza(60A) black,L,ball,2.32,2.33,-0.01
1/21/2020,L55,Adidas Nizza(60A) black,L,ball,2.47,2.37,0.10
1/21/2020,L55,Adidas Nizza(60A) black,L,outer_arch,3.40,3.08,0.32
1/21/2020,L55,Adidas Nizza(60A) black,L,outer_arch,3.41,3.24,0.17
1/21/2020,L55,Adidas Nizza(60A) black,L,outer_arch,3.17,3.09,0.08
1/21/2020,L55,Adidas Nizza(60A) black,L,tip,2.85,3.07,-0.22
1/21/2020,L55,Adidas Nizza(60A) black,L,tip,2.88,2.97,-0.09
1/21/2020,L55,Adidas Nizza(60A) black,L,tip,2.79,3.02,-0.23
1/21/2020,R60,Adidas Nizza(60A) black,R,heel,1.80,1.76,0.04
1/21/2020,R60,Adidas Nizza(60A) black,R,heel,1.82,1.64,0.18
1/21/2020,R60,Adidas Nizza(60A) black,R,heel,1.71,1.82,-0.11
1/21/2020,R60,Adidas Nizza(60A) black,R,ball,2.42,2.52,-0.10
1/21/2020,R60,Adidas Nizza(60A) black,R,ball,2.40,2.68,-0.28
1/21/2020,R60,Adidas Nizza(60A) black,R,ball,2.45,2.55,-0.10
1/21/2020,R60,Adidas Nizza(60A) black,R,outer_arch,2.89,3.21,-0.32
1/21/2020,R60,Adidas Nizza(60A) black,R,outer_arch,2.98,3.12,-0.14
1/21/2020,R60,Adidas Nizza(60A) black,R,outer_arch,3.02,3.04,-0.02
1/21/2020,R60,Adidas Nizza(60A) black,R,tip,2.73,2.98,-0.25
1/21/2020,R60,Adidas Nizza(60A) black,R,tip,2.76,3.00,-0.24
1/21/2020,R60,Adidas Nizza(60A) black,R,tip,2.77,3.00,-0.23
1/21/2020,L60,Adidas Nizza(60A) black,L,heel,1.77,1.81,-0.04
1/21/2020,L60,Adidas Nizza(60A) black,L,heel,1.73,1.84,-0.11
1/21/2020,L60,Adidas Nizza(60A) black,L,heel,1.70,1.86,-0.16
1/21/2020,L60,Adidas Nizza(60A) black,L,ball,1.98,2.41,-0.43
1/21/2020,L60,Adidas Nizza(60A) black,L,ball,2.00,2.33,-0.33
1/21/2020,L60,Adidas Nizza(60A) black,L,ball,1.99,2.37,-0.38
1/21/2020,L60,Adidas Nizza(60A) black,L,outer_arch,3.44,3.08,0.36
1/21/2020,L60,Adidas Nizza(60A) black,L,outer_arch,3.22,3.24,-0.02
1/21/2020,L60,Adidas Nizza(60A) black,L,outer_arch,3.21,3.09,0.12
1/21/2020,L60,Adidas Nizza(60A) black,L,tip,2.98,3.07,-0.09
1/21/2020,L60,Adidas Nizza(60A) black,L,tip,2.89,2.97,-0.08
1/21/2020,L60,Adidas Nizza(60A) black,L,tip,2.93,3.02,-0.09
1/21/2020,R57,Adidas Nizza(60A) black,R,heel,1.71,1.76,-0.05
1/21/2020,R57,Adidas Nizza(60A) black,R,heel,1.76,1.64,0.12
1/21/2020,R57,Adidas Nizza(60A) black,R,heel,1.52,1.82,-0.30
1/21/2020,R57,Adidas Nizza(60A) black,R,ball,3.00,2.52,0.48
1/21/2020,R57,Adidas Nizza(60A) black,R,ball,3.05,2.68,0.37
1/21/2020,R57,Adidas Nizza(60A) black,R,ball,3.09,2.55,0.54
1/21/2020,R57,Adidas Nizza(60A) black,R,outer_arch,2.81,3.21,-0.40
1/21/2020,R57,Adidas Nizza(60A) black,R,outer_arch,2.70,3.12,-0.42
1/21/2020,R57,Adidas Nizza(60A) black,R,outer_arch,2.60,3.04,-0.44
1/21/2020,R57,Adidas Nizza(60A) black,R,tip,2.92,2.98,-0.06
1/21/2020,R57,Adidas Nizza(60A) black,R,tip,2.97,3.00,-0.03
1/21/2020,R57,Adidas Nizza(60A) black,R,tip,2.94,3.00,-0.06
1/21/2020,L57,Adidas Nizza(60A) black,L,heel,1.70,1.81,-0.11
1/21/2020,L57,Adidas Nizza(60A) black,L,heel,1.72,1.84,-0.12
1/21/2020,L57,Adidas Nizza(60A) black,L,heel,1.69,1.86,-0.17
1/21/2020,L57,Adidas Nizza(60A) black,L,ball,2.09,2.41,-0.32
1/21/2020,L57,Adidas Nizza(60A) black,L,ball,2.03,2.33,-0.30
1/21/2020,L57,Adidas Nizza(60A) black,L,ball,2.03,2.37,-0.34
1/21/2020,L57,Adidas Nizza(60A) black,L,outer_arch,3.05,3.08,-0.03
1/21/2020,L57,Adidas Nizza(60A) black,L,outer_arch,2.77,3.24,-0.47
1/21/2020,L57,Adidas Nizza(60A) black,L,outer_arch,2.94,3.09,-0.15
1/21/2020,L57,Adidas Nizza(60A) black,L,tip,2.88,3.07,-0.19
1/21/2020,L57,Adidas Nizza(60A) black,L,tip,2.85,2.97,-0.12
1/21/2020,L57,Adidas Nizza(60A) black,L,tip,2.87,3.02,-0.15
1/17/2020,R64,Adidas Terrex Boat,R,heel,1.75,1.73,0.02
1/17/2020,R64,Adidas Terrex Boat,R,heel,1.85,1.74,0.11
1/17/2020,R64,Adidas Terrex Boat,R,heel,1.81,1.75,0.06
1/17/2020,R64,Adidas Terrex Boat,R,ball,1.24,1.33,-0.09
1/17/2020,R64,Adidas Terrex Boat,R,ball,1.49,1.33,0.16
1/17/2020,R64,Adidas Terrex Boat,R,ball,1.36,1.34,0.02
1/17/2020,R64,Adidas Terrex Boat,R,outer_arch,1.84,1.90,-0.06
1/17/2020,R64,Adidas Terrex Boat,R,outer_arch,1.81,1.87,-0.06
1/17/2020,R64,Adidas Terrex Boat,R,outer_arch,1.74,1.90,-0.16
1/17/2020,R64,Adidas Terrex Boat,R,tip,2.09,1.86,0.23
1/17/2020,R64,Adidas Terrex Boat,R,tip,1.84,1.91,-0.07
1/17/2020,R64,Adidas Terrex Boat,R,tip,1.81,1.77,0.04
1/17/2020,L64,Adidas Terrex Boat,L,heel,1.82,1.88,-0.06
1/17/2020,L64,Adidas Terrex Boat,L,heel,1.79,1.89,-0.10
1/17/2020,L64,Adidas Terrex Boat,L,heel,1.71,1.90,-0.19
1/17/2020,L64,Adidas Terrex Boat,L,ball,1.32,1.40,-0.08
1/17/2020,L64,Adidas Terrex Boat,L,ball,1.51,1.48,0.03
1/17/2020,L64,Adidas Terrex Boat,L,ball,1.50,1.44,0.06
1/17/2020,L64,Adidas Terrex Boat,L,outer_arch,1.85,1.75,0.10
1/17/2020,L64,Adidas Terrex Boat,L,outer_arch,1.74,1.74,0.00
1/17/2020,L64,Adidas Terrex Boat,L,outer_arch,1.73,1.70,0.03
1/17/2020,L64,Adidas Terrex Boat,L,tip,1.68,2.01,-0.33
1/17/2020,L64,Adidas Terrex Boat,L,tip,1.68,2.02,-0.34
1/17/2020,L64,Adidas Terrex Boat,L,tip,1.59,2.03,-0.44
1/20/2020,R67,Adidas Terrex Boat,R,heel,1.39,1.73,-0.34
1/20/2020,R67,Adidas Terrex Boat,R,heel,1.35,1.74,-0.39
1/20/2020,R67,Adidas Terrex Boat,R,heel,1.34,1.75,-0.41
1/20/2020,R67,Adidas Terrex Boat,R,ball,1.55,1.33,0.22
1/20/2020,R67,Adidas Terrex Boat,R,ball,1.43,1.33,0.10
1/20/2020,R67,Adidas Terrex Boat,R,ball,1.35,1.34,0.01
1/20/2020,R67,Adidas Terrex Boat,R,outer_arch,1.57,1.90,-0.33
1/20/2020,R67,Adidas Terrex Boat,R,outer_arch,1.73,1.87,-0.14
1/20/2020,R67,Adidas Terrex Boat,R,outer_arch,1.74,1.90,-0.16
1/20/2020,R67,Adidas Terrex Boat,R,tip,1.62,1.86,-0.24
1/20/2020,R67,Adidas Terrex Boat,R,tip,2.02,1.91,0.11
1/20/2020,R67,Adidas Terrex Boat,R,tip,1.95,1.77,0.18
1/20/2020,L67,Adidas Terrex Boat,L,heel,1.48,1.88,-0.40
1/20/2020,L67,Adidas Terrex Boat,L,heel,1.40,1.89,-0.49
1/20/2020,L67,Adidas Terrex Boat,L,heel,1.48,1.90,-0.42
1/20/2020,L67,Adidas Terrex Boat,L,ball,1.28,1.40,-0.12
1/20/2020,L67,Adidas Terrex Boat,L,ball,1.15,1.48,-0.33
1/20/2020,L67,Adidas Terrex Boat,L,ball,1.34,1.44,-0.10
1/20/2020,L67,Adidas Terrex Boat,L,outer_arch,1.70,1.75,-0.05
1/20/2020,L67,Adidas Terrex Boat,L,outer_arch,1.70,1.74,-0.04
1/20/2020,L67,Adidas Terrex Boat,L,outer_arch,1.69,1.70,-0.01
1/20/2020,L67,Adidas Terrex Boat,L,tip,1.65,2.01,-0.36
1/20/2020,L67,Adidas Terrex Boat,L,tip,1.66,2.02,-0.36
1/20/2020,L67,Adidas Terrex Boat,L,tip,1.76,2.03,-0.27
1/20/2020,R65,Adidas Terrex Boat,R,heel,1.50,1.73,-0.23
1/20/2020,R65,Adidas Terrex Boat,R,heel,1.43,1.74,-0.31
1/20/2020,R65,Adidas Terrex Boat,R,heel,1.42,1.75,-0.33
1/20/2020,R65,Adidas Terrex Boat,R,ball,1.34,1.33,0.01
1/20/2020,R65,Adidas Terrex Boat,R,ball,1.30,1.33,-0.03
1/20/2020,R65,Adidas Terrex Boat,R,ball,1.26,1.34,-0.08
1/20/2020,R65,Adidas Terrex Boat,R,outer_arch,1.64,1.90,-0.26
1/20/2020,R65,Adidas Terrex Boat,R,outer_arch,1.67,1.87,-0.20
1/20/2020,R65,Adidas Terrex Boat,R,outer_arch,1.57,1.90,-0.33
1/20/2020,R65,Adidas Terrex Boat,R,tip,1.03,1.86,-0.83
1/20/2020,R65,Adidas Terrex Boat,R,tip,1.11,1.91,-0.80
1/20/2020,R65,Adidas Terrex Boat,R,tip,1.11,1.77,-0.66
1/20/2020,L65,Adidas Terrex Boat,L,heel,1.27,1.88,-0.61
1/20/2020,L65,Adidas Terrex Boat,L,heel,1.25,1.89,-0.64
1/20/2020,L65,Adidas Terrex Boat,L,heel,1.25,1.90,-0.65
1/20/2020,L65,Adidas Terrex Boat,L,ball,1.11,1.40,-0.29
1/20/2020,L65,Adidas Terrex Boat,L,ball,0.97,1.48,-0.51
1/20/2020,L65,Adidas Terrex Boat,L,ball,0.31,1.44,-1.13
1/20/2020,L65,Adidas Terrex Boat,L,outer_arch,1.61,1.75,-0.14
1/20/2020,L65,Adidas Terrex Boat,L,outer_arch,1.58,1.74,-0.16
1/20/2020,L65,Adidas Terrex Boat,L,outer_arch,1.24,1.70,-0.46
1/20/2020,L65,Adidas Terrex Boat,L,tip,1.23,2.01,-0.78
1/20/2020,L65,Adidas Terrex Boat,L,tip,1.20,2.02,-0.82
1/20/2020,L65,Adidas Terrex Boat,L,tip,1.15,2.03,-0.88
1/21/2020,R66,Adidas Terrex Boat,R,heel,1.43,1.73,-0.30
1/21/2020,R66,Adidas Terrex Boat,R,heel,1.49,1.74,-0.25
1/21/2020,R66,Adidas Terrex Boat,R,heel,1.45,1.75,-0.30
1/21/2020,R66,Adidas Terrex Boat,R,ball,1.33,1.33,0.00
1/21/2020,R66,Adidas Terrex Boat,R,ball,1.53,1.33,0.20
1/21/2020,R66,Adidas Terrex Boat,R,ball,1.28,1.34,-0.06
1/21/2020,R66,Adidas Terrex Boat,R,outer_arch,1.74,1.90,-0.16
1/21/2020,R66,Adidas Terrex Boat,R,outer_arch,1.83,1.87,-0.04
1/21/2020,R66,Adidas Terrex Boat,R,outer_arch,1.79,1.90,-0.11
1/21/2020,R66,Adidas Terrex Boat,R,tip,1.69,1.86,-0.17
1/21/2020,R66,Adidas Terrex Boat,R,tip,1.69,1.91,-0.22
1/21/2020,R66,Adidas Terrex Boat,R,tip,1.72,1.77,-0.05
1/21/2020,L66,Adidas Terrex Boat,L,heel,1.47,1.88,-0.41
1/21/2020,L66,Adidas Terrex Boat,L,heel,1.38,1.89,-0.51
1/21/2020,L66,Adidas Terrex Boat,L,heel,1.43,1.90,-0.47
1/21/2020,L66,Adidas Terrex Boat,L,ball,1.37,1.40,-0.03
1/21/2020,L66,Adidas Terrex Boat,L,ball,1.30,1.48,-0.18
1/21/2020,L66,Adidas Terrex Boat,L,ball,1.23,1.44,-0.21
1/21/2020,L66,Adidas Terrex Boat,L,outer_arch,1.67,1.75,-0.08
1/21/2020,L66,Adidas Terrex Boat,L,outer_arch,1.66,1.74,-0.08
1/21/2020,L66,Adidas Terrex Boat,L,outer_arch,1.72,1.70,0.02
1/21/2020,L66,Adidas Terrex Boat,L,tip,1.63,2.01,-0.38
1/21/2020,L66,Adidas Terrex Boat,L,tip,1.54,2.02,-0.48
1/21/2020,L66,Adidas Terrex Boat,L,tip,1.56,2.03,-0.47
1/21/2020,R21,Adidas ultraBOOST Parley black,R,heel,1.59,,
1/21/2020,R21,Adidas ultraBOOST Parley black,R,heel,1.58,,
1/21/2020,R21,Adidas ultraBOOST Parley black,R,heel,1.63,,
1/21/2020,R21,Adidas ultraBOOST Parley black,R,ball,1.57,,
1/21/2020,R21,Adidas ultraBOOST Parley black,R,ball,1.49,,
1/21/2020,R21,Adidas ultraBOOST Parley black,R,ball,1.50,,
1/21/2020,R21,Adidas ultraBOOST Parley black,R,outer_arch,1.74,,
1/21/2020,R21,Adidas ultraBOOST Parley black,R,outer_arch,1.70,,
1/21/2020,R21,Adidas ultraBOOST Parley black,R,outer_arch,1.90,,
1/21/2020,R21,Adidas ultraBOOST Parley black,R,tip,1.47,,
1/21/2020,R21,Adidas ultraBOOST Parley black,R,tip,1.41,,
1/21/2020,R21,Adidas ultraBOOST Parley black,R,tip,1.49,,
1/21/2020,L21,Adidas ultraBOOST Parley black,L,heel,1.44,,
1/21/2020,L21,Adidas ultraBOOST Parley black,L,heel,1.43,,
1/21/2020,L21,Adidas ultraBOOST Parley black,L,heel,1.48,,
1/21/2020,L21,Adidas ultraBOOST Parley black,L,ball,1.34,,
1/21/2020,L21,Adidas ultraBOOST Parley black,L,ball,1.32,,
1/21/2020,L21,Adidas ultraBOOST Parley black,L,ball,1.25,,
1/21/2020,L21,Adidas ultraBOOST Parley black,L,outer_arch,1.90,,
1/21/2020,L21,Adidas ultraBOOST Parley black,L,outer_arch,1.84,,
1/21/2020,L21,Adidas ultraBOOST Parley black,L,outer_arch,1.83,,
1/21/2020,L21,Adidas ultraBOOST Parley black,L,tip,1.55,,
1/21/2020,L21,Adidas ultraBOOST Parley black,L,tip,1.56,,
1/21/2020,L21,Adidas ultraBOOST Parley black,L,tip,1.61,,
1/23/2020,R20,Adidas ultraBOOST Parley black,R,heel,0.94,,
1/23/2020,R20,Adidas ultraBOOST Parley black,R,heel,0.98,,
1/23/2020,R20,Adidas ultraBOOST Parley black,R,heel,0.97,,
1/23/2020,R20,Adidas ultraBOOST Parley black,R,ball,0.85,,
1/23/2020,R20,Adidas ultraBOOST Parley black,R,ball,0.97,,
1/23/2020,R20,Adidas ultraBOOST Parley black,R,ball,0.87,,
1/23/2020,R20,Adidas ultraBOOST Parley black,R,outer_arch,1.72,,
1/23/2020,R20,Adidas ultraBOOST Parley black,R,outer_arch,1.60,,
1/23/2020,R20,Adidas ultraBOOST Parley black,R,outer_arch,1.70,,
1/23/2020,R20,Adidas ultraBOOST Parley black,R,tip,1.16,,
1/23/2020,R20,Adidas ultraBOOST Parley black,R,tip,1.14,,
1/23/2020,R20,Adidas ultraBOOST Parley black,R,tip,1.54,,
1/23/2020,L20,Adidas ultraBOOST Parley black,L,heel,1.00,,
1/23/2020,L20,Adidas ultraBOOST Parley black,L,heel,1.02,,
1/23/2020,L20,Adidas ultraBOOST Parley black,L,heel,1.01,,
1/23/2020,L20,Adidas ultraBOOST Parley black,L,ball,0.54,,
1/23/2020,L20,Adidas ultraBOOST Parley black,L,ball,0.54,,
1/23/2020,L20,Adidas ultraBOOST Parley black,L,ball,0.49,,
1/23/2020,L20,Adidas ultraBOOST Parley black,L,outer_arch,1.70,,
1/23/2020,L20,Adidas ultraBOOST Parley black,L,outer_arch,1.71,,
1/23/2020,L20,Adidas ultraBOOST Parley black,L,outer_arch,1.68,,
1/23/2020,L20,Adidas ultraBOOST Parley black,L,tip,1.54,,
1/23/2020,L20,Adidas ultraBOOST Parley black,L,tip,1.44,,
1/23/2020,L20,Adidas ultraBOOST Parley black,L,tip,1.44,,
1/23/2020,R25,Adidas ultraBOOST Parley black,R,heel,1.44,,
1/23/2020,R25,Adidas ultraBOOST Parley black,R,heel,1.39,,
1/23/2020,R25,Adidas ultraBOOST Parley black,R,heel,1.37,,
1/23/2020,R25,Adidas ultraBOOST Parley black,R,ball,1.56,,
1/23/2020,R25,Adidas ultraBOOST Parley black,R,ball,1.56,,
1/23/2020,R25,Adidas ultraBOOST Parley black,R,ball,1.59,,
1/23/2020,R25,Adidas ultraBOOST Parley black,R,outer_arch,1.99,,
1/23/2020,R25,Adidas ultraBOOST Parley black,R,outer_arch,1.83,,
1/23/2020,R25,Adidas ultraBOOST Parley black,R,outer_arch,1.87,,
1/23/2020,R25,Adidas ultraBOOST Parley black,R,tip,1.14,,
1/23/2020,R25,Adidas ultraBOOST Parley black,R,tip,1.36,,
1/23/2020,R25,Adidas ultraBOOST Parley black,R,tip,1.34,,
1/23/2020,L25,Adidas ultraBOOST Parley black,L,heel,1.57,,
1/23/2020,L25,Adidas ultraBOOST Parley black,L,heel,1.57,,
1/23/2020,L25,Adidas ultraBOOST Parley black,L,heel,1.63,,
1/23/2020,L25,Adidas ultraBOOST Parley black,L,ball,1.42,,
1/23/2020,L25,Adidas ultraBOOST Parley black,L,ball,1.38,,
1/23/2020,L25,Adidas ultraBOOST Parley black,L,ball,1.37,,
1/23/2020,L25,Adidas ultraBOOST Parley black,L,outer_arch,1.69,,
1/23/2020,L25,Adidas ultraBOOST Parley black,L,outer_arch,1.65,,
1/23/2020,L25,Adidas ultraBOOST Parley black,L,outer_arch,1.71,,
1/23/2020,L25,Adidas ultraBOOST Parley black,L,tip,1.25,,
1/23/2020,L25,Adidas ultraBOOST Parley black,L,tip,1.17,,
1/23/2020,L25,Adidas ultraBOOST Parley black,L,tip,1.27,,
1/23/2020,R23,Adidas ultraBOOST Parley black,R,heel,1.41,,
1/23/2020,R23,Adidas ultraBOOST Parley black,R,heel,1.33,,
1/23/2020,R23,Adidas ultraBOOST Parley black,R,heel,1.24,,
1/23/2020,R23,Adidas ultraBOOST Parley black,R,ball,0.94,,
1/23/2020,R23,Adidas ultraBOOST Parley black,R,ball,1.06,,
1/23/2020,R23,Adidas ultraBOOST Parley black,R,ball,1.04,,
1/23/2020,R23,Adidas ultraBOOST Parley black,R,outer_arch,1.64,,
1/23/2020,R23,Adidas ultraBOOST Parley black,R,outer_arch,1.62,,
1/23/2020,R23,Adidas ultraBOOST Parley black,R,outer_arch,1.58,,
1/23/2020,R23,Adidas ultraBOOST Parley black,R,tip,1.09,,
1/23/2020,R23,Adidas ultraBOOST Parley black,R,tip,1.11,,
1/23/2020,R23,Adidas ultraBOOST Parley black,R,tip,1.12,,
1/23/2020,L23,Adidas ultraBOOST Parley black,L,heel,1.13,,
1/23/2020,L23,Adidas ultraBOOST Parley black,L,heel,1.13,,
1/23/2020,L23,Adidas ultraBOOST Parley black,L,heel,1.10,,
1/23/2020,L23,Adidas ultraBOOST Parley black,L,ball,1.20,,
1/23/2020,L23,Adidas ultraBOOST Parley black,L,ball,1.19,,
1/23/2020,L23,Adidas ultraBOOST Parley black,L,ball,1.19,,
1/23/2020,L23,Adidas ultraBOOST Parley black,L,outer_arch,1.40,,
1/23/2020,L23,Adidas ultraBOOST Parley black,L,outer_arch,1.55,,
1/23/2020,L23,Adidas ultraBOOST Parley black,L,outer_arch,1.64,,
1/23/2020,L23,Adidas ultraBOOST Parley black,L,tip,1.29,,
1/23/2020,L23,Adidas ultraBOOST Parley black,L,tip,1.22,,
1/23/2020,L23,Adidas ultraBOOST Parley black,L,tip,1.15,,
1/23/2020,R17,Adidas ultraBOOST Parley black,R,heel,1.26,,
1/23/2020,R17,Adidas ultraBOOST Parley black,R,heel,1.34,,
1/23/2020,R17,Adidas ultraBOOST Parley black,R,heel,1.33,,
1/23/2020,R17,Adidas ultraBOOST Parley black,R,ball,1.10,,
1/23/2020,R17,Adidas ultraBOOST Parley black,R,ball,1.07,,
1/23/2020,R17,Adidas ultraBOOST Parley black,R,ball,1.09,,
1/23/2020,R17,Adidas ultraBOOST Parley black,R,outer_arch,1.51,,
1/23/2020,R17,Adidas ultraBOOST Parley black,R,outer_arch,1.53,,
1/23/2020,R17,Adidas ultraBOOST Parley black,R,outer_arch,1.58,,
1/23/2020,R17,Adidas ultraBOOST Parley black,R,tip,1.26,,
1/23/2020,R17,Adidas ultraBOOST Parley black,R,tip,1.27,,
1/23/2020,R17,Adidas ultraBOOST Parley black,R,tip,1.26,,
1/23/2020,R24,Adidas ultraBOOST Parley white,R,heel,1.55,,
1/23/2020,R24,Adidas ultraBOOST Parley white,R,heel,1.59,,
1/23/2020,R24,Adidas ultraBOOST Parley white,R,heel,1.60,,
1/23/2020,R24,Adidas ultraBOOST Parley white,R,ball,1.32,,
1/23/2020,R24,Adidas ultraBOOST Parley white,R,ball,1.29,,
1/23/2020,R24,Adidas ultraBOOST Parley white,R,ball,1.26,,
1/23/2020,R24,Adidas ultraBOOST Parley white,R,outer_arch,1.82,,
1/23/2020,R24,Adidas ultraBOOST Parley white,R,outer_arch,1.77,,
1/23/2020,R24,Adidas ultraBOOST Parley white,R,outer_arch,1.74,,
1/23/2020,R24,Adidas ultraBOOST Parley white,R,tip,1.39,,
1/23/2020,R24,Adidas ultraBOOST Parley white,R,tip,1.15,,
1/23/2020,R24,Adidas ultraBOOST Parley white,R,tip,1.27,,
1/23/2020,L24,Adidas ultraBOOST Parley white,L,heel,1.49,,
1/23/2020,L24,Adidas ultraBOOST Parley white,L,heel,1.50,,
1/23/2020,L24,Adidas ultraBOOST Parley white,L,heel,1.51,,
1/23/2020,L24,Adidas ultraBOOST Parley white,L,ball,1.72,,
1/23/2020,L24,Adidas ultraBOOST Parley white,L,ball,1.69,,
1/23/2020,L24,Adidas ultraBOOST Parley white,L,ball,1.61,,
1/23/2020,L24,Adidas ultraBOOST Parley white,L,outer_arch,1.72,,
1/23/2020,L24,Adidas ultraBOOST Parley white,L,outer_arch,1.65,,
1/23/2020,L24,Adidas ultraBOOST Parley white,L,outer_arch,1.70,,
1/23/2020,L24,Adidas ultraBOOST Parley white,L,tip,1.19,,
1/23/2020,L24,Adidas ultraBOOST Parley white,L,tip,1.48,,
1/23/2020,L24,Adidas ultraBOOST Parley white,L,tip,1.41,,
1/23/2020,L17,Adidas ultraBOOST Parley white,L,heel,1.05,,
1/23/2020,L17,Adidas ultraBOOST Parley white,L,heel,0.99,,
1/23/2020,L17,Adidas ultraBOOST Parley white,L,heel,1.09,,
1/23/2020,L17,Adidas ultraBOOST Parley white,L,ball,0.68,,
1/23/2020,L17,Adidas ultraBOOST Parley white,L,ball,0.70,,
1/23/2020,L17,Adidas ultraBOOST Parley white,L,ball,0.72,,
1/23/2020,L17,Adidas ultraBOOST Parley white,L,outer_arch,1.29,,
1/23/2020,L17,Adidas ultraBOOST Parley white,L,outer_arch,1.29,,
1/23/2020,L17,Adidas ultraBOOST Parley white,L,outer_arch,1.19,,
1/23/2020,L17,Adidas ultraBOOST Parley white,L,tip,0.93,,
1/23/2020,L17,Adidas ultraBOOST Parley white,L,tip,0.94,,
1/23/2020,L17,Adidas ultraBOOST Parley white,L,tip,1.00,,
1/23/2020,R18,Adidas ultraBOOST Parley white,R,heel,1.60,,
1/23/2020,R18,Adidas ultraBOOST Parley white,R,heel,1.54,,
1/23/2020,R18,Adidas ultraBOOST Parley white,R,heel,1.57,,
1/23/2020,R18,Adidas ultraBOOST Parley white,R,ball,1.77,,
1/23/2020,R18,Adidas ultraBOOST Parley white,R,ball,1.76,,
1/23/2020,R18,Adidas ultraBOOST Parley white,R,ball,1.77,,
1/23/2020,R18,Adidas ultraBOOST Parley white,R,outer_arch,1.81,,
1/23/2020,R18,Adidas ultraBOOST Parley white,R,outer_arch,1.79,,
1/23/2020,R18,Adidas ultraBOOST Parley white,R,outer_arch,1.72,,
1/23/2020,R18,Adidas ultraBOOST Parley white,R,tip,1.08,,
1/23/2020,R18,Adidas ultraBOOST Parley white,R,tip,1.07,,
1/23/2020,R18,Adidas ultraBOOST Parley white,R,tip,1.19,,
1/23/2020,L18,Adidas ultraBOOST Parley white,L,heel,1.49,,
1/23/2020,L18,Adidas ultraBOOST Parley white,L,heel,1.45,,
1/23/2020,L18,Adidas ultraBOOST Parley white,L,heel,1.44,,
1/23/2020,L18,Adidas ultraBOOST Parley white,L,ball,1.60,,
1/23/2020,L18,Adidas ultraBOOST Parley white,L,ball,1.50,,
1/23/2020,L18,Adidas ultraBOOST Parley white,L,ball,1.52,,
1/23/2020,L18,Adidas ultraBOOST Parley white,L,outer_arch,1.65,,
1/23/2020,L18,Adidas ultraBOOST Parley white,L,outer_arch,1.55,,
1/23/2020,L18,Adidas ultraBOOST Parley white,L,outer_arch,1.61,,
1/23/2020,L18,Adidas ultraBOOST Parley white,L,tip,1.32,,
1/23/2020,L18,Adidas ultraBOOST Parley white,L,tip,1.31,,
1/23/2020,L18,Adidas ultraBOOST Parley white,L,tip,1.31,,
1/23/2020,R19,Adidas ultraBOOST Parley white,R,heel,1.52,,
1/23/2020,R19,Adidas ultraBOOST Parley white,R,heel,1.53,,
1/23/2020,R19,Adidas ultraBOOST Parley white,R,heel,1.52,,
1/23/2020,R19,Adidas ultraBOOST Parley white,R,ball,1.56,,
1/23/2020,R19,Adidas ultraBOOST Parley white,R,ball,1.50,,
1/23/2020,R19,Adidas ultraBOOST Parley white,R,ball,1.51,,
1/23/2020,R19,Adidas ultraBOOST Parley white,R,outer_arch,1.53,,
1/23/2020,R19,Adidas ultraBOOST Parley white,R,outer_arch,1.58,,
1/23/2020,R19,Adidas ultraBOOST Parley white,R,outer_arch,1.52,,
1/23/2020,R19,Adidas ultraBOOST Parley white,R,tip,1.26,,
1/23/2020,R19,Adidas ultraBOOST Parley white,R,tip,1.22,,
1/23/2020,R19,Adidas ultraBOOST Parley white,R,tip,1.34,,
1/23/2020,L19,Adidas ultraBOOST Parley white,L,heel,1.12,,
1/23/2020,L19,Adidas ultraBOOST Parley white,L,heel,1.14,,
1/23/2020,L19,Adidas ultraBOOST Parley white,L,heel,1.16,,
1/23/2020,L19,Adidas ultraBOOST Parley white,L,ball,1.35,,
1/23/2020,L19,Adidas ultraBOOST Parley white,L,ball,1.32,,
1/23/2020,L19,Adidas ultraBOOST Parley white,L,ball,1.33,,
1/23/2020,L19,Adidas ultraBOOST Parley white,L,outer_arch,1.53,,
1/23/2020,L19,Adidas ultraBOOST Parley white,L,outer_arch,1.51,,
1/23/2020,L19,Adidas ultraBOOST Parley white,L,outer_arch,1.49,,
1/23/2020,L19,Adidas ultraBOOST Parley white,L,tip,1.41,,
1/23/2020,L19,Adidas ultraBOOST Parley white,L,tip,1.39,,
1/23/2020,L19,Adidas ultraBOOST Parley white,L,tip,1.47,,
1/17/2020,R16,Adidas ultraBOOST Parley white,R,heel,1.34,,
1/17/2020,R16,Adidas ultraBOOST Parley white,R,heel,1.29,,
1/17/2020,R16,Adidas ultraBOOST Parley white,R,heel,1.29,,
1/17/2020,R16,Adidas ultraBOOST Parley white,R,ball,0.86,,
1/17/2020,R16,Adidas ultraBOOST Parley white,R,ball,0.94,,
1/17/2020,R16,Adidas ultraBOOST Parley white,R,ball,0.87,,
1/17/2020,R16,Adidas ultraBOOST Parley white,R,outer_arch,1.54,,
1/17/2020,R16,Adidas ultraBOOST Parley white,R,outer_arch,1.60,,
1/17/2020,R16,Adidas ultraBOOST Parley white,R,outer_arch,1.71,,
1/17/2020,R16,Adidas ultraBOOST Parley white,R,tip,1.20,,
1/17/2020,R16,Adidas ultraBOOST Parley white,R,tip,1.28,,
1/17/2020,R16,Adidas ultraBOOST Parley white,R,tip,1.24,,
1/17/2020,L16,Adidas ultraBOOST Parley white,L,heel,0.71,,
1/17/2020,L16,Adidas ultraBOOST Parley white,L,heel,0.72,,
1/17/2020,L16,Adidas ultraBOOST Parley white,L,heel,0.76,,
1/17/2020,L16,Adidas ultraBOOST Parley white,L,ball,0.50,,
1/17/2020,L16,Adidas ultraBOOST Parley white,L,ball,0.51,,
1/17/2020,L16,Adidas ultraBOOST Parley white,L,ball,0.50,,
1/17/2020,L16,Adidas ultraBOOST Parley white,L,outer_arch,1.68,,
1/17/2020,L16,Adidas ultraBOOST Parley white,L,outer_arch,1.69,,
1/17/2020,L16,Adidas ultraBOOST Parley white,L,outer_arch,1.61,,
1/17/2020,L16,Adidas ultraBOOST Parley white,L,tip,1.25,,
1/17/2020,L16,Adidas ultraBOOST Parley white,L,tip,1.42,,
1/17/2020,L16,Adidas ultraBOOST Parley white,L,tip,1.38,,
1/17/2020,R71,Adidas Ultratech,R,heel,3.89,,
1/17/2020,R71,Adidas Ultratech,R,heel,3.97,,
1/17/2020,R71,Adidas Ultratech,R,heel,3.86,,
1/17/2020,R71,Adidas Ultratech,R,ball,3.04,,
1/17/2020,R71,Adidas Ultratech,R,ball,3.05,,
1/17/2020,R71,Adidas Ultratech,R,ball,3.07,,
1/17/2020,R71,Adidas Ultratech,R,outer_arch,3.51,,
1/17/2020,R71,Adidas Ultratech,R,outer_arch,3.35,,
1/17/2020,R71,Adidas Ultratech,R,outer_arch,3.47,,
1/17/2020,R71,Adidas Ultratech,R,tip,3.31,,
1/17/2020,R71,Adidas Ultratech,R,tip,3.29,,
1/17/2020,R71,Adidas Ultratech,R,tip,3.32,,
1/17/2020,L71,Adidas Ultratech,L,heel,3.65,,
1/17/2020,L71,Adidas Ultratech,L,heel,3.66,,
1/17/2020,L71,Adidas Ultratech,L,heel,3.66,,
1/17/2020,L71,Adidas Ultratech,L,ball,3.18,,
1/17/2020,L71,Adidas Ultratech,L,ball,3.17,,
1/17/2020,L71,Adidas Ultratech,L,ball,3.19,,
1/17/2020,L71,Adidas Ultratech,L,outer_arch,3.45,,
1/17/2020,L71,Adidas Ultratech,L,outer_arch,3.67,,
1/17/2020,L71,Adidas Ultratech,L,outer_arch,3.68,,
1/17/2020,L71,Adidas Ultratech,L,tip,3.25,,
1/17/2020,L71,Adidas Ultratech,L,tip,3.20,,
1/17/2020,L71,Adidas Ultratech,L,tip,3.32,,
1/20/2020,R70,Adidas Ultratech,R,heel,3.96,,
1/20/2020,R70,Adidas Ultratech,R,heel,4.09,,
1/20/2020,R70,Adidas Ultratech,R,heel,3.96,,
1/20/2020,R70,Adidas Ultratech,R,ball,3.08,,
1/20/2020,R70,Adidas Ultratech,R,ball,3.14,,
1/20/2020,R70,Adidas Ultratech,R,ball,3.11,,
1/20/2020,R70,Adidas Ultratech,R,outer_arch,3.31,,
1/20/2020,R70,Adidas Ultratech,R,outer_arch,3.14,,
1/20/2020,R70,Adidas Ultratech,R,outer_arch,3.19,,
1/20/2020,R70,Adidas Ultratech,R,tip,3.38,,
1/20/2020,R70,Adidas Ultratech,R,tip,3.26,,
1/20/2020,R70,Adidas Ultratech,R,tip,3.33,,
1/20/2020,L70,Adidas Ultratech,L,heel,3.76,,
1/20/2020,L70,Adidas Ultratech,L,heel,3.81,,
1/20/2020,L70,Adidas Ultratech,L,heel,3.82,,
1/20/2020,L70,Adidas Ultratech,L,ball,3.21,,
1/20/2020,L70,Adidas Ultratech,L,ball,3.10,,
1/20/2020,L70,Adidas Ultratech,L,ball,3.17,,
1/20/2020,L70,Adidas Ultratech,L,outer_arch,3.12,,
1/20/2020,L70,Adidas Ultratech,L,outer_arch,3.13,,
1/20/2020,L70,Adidas Ultratech,L,outer_arch,3.16,,
1/20/2020,L70,Adidas Ultratech,L,tip,3.18,,
1/20/2020,L70,Adidas Ultratech,L,tip,3.14,,
1/20/2020,L70,Adidas Ultratech,L,tip,3.22,,
1/16/2020,R40,Parley Prime LTD ADIZERO white,R,heel,0.79,,
1/16/2020,R40,Parley Prime LTD ADIZERO white,R,heel,0.65,,
1/16/2020,R40,Parley Prime LTD ADIZERO white,R,heel,0.64,,
1/16/2020,R40,Parley Prime LTD ADIZERO white,R,ball,0.66,,
1/16/2020,R40,Parley Prime LTD ADIZERO white,R,ball,0.67,,
1/16/2020,R40,Parley Prime LTD ADIZERO white,R,ball,0.67,,
1/16/2020,R40,Parley Prime LTD ADIZERO white,R,outer_arch,0.00,,
1/16/2020,R40,Parley Prime LTD ADIZERO white,R,outer_arch,0.00,,
1/16/2020,R40,Parley Prime LTD ADIZERO white,R,outer_arch,0.00,,
1/16/2020,R40,Parley Prime LTD ADIZERO white,R,tip,0.39,,
1/16/2020,R40,Parley Prime LTD ADIZERO white,R,tip,0.38,,
1/16/2020,R40,Parley Prime LTD ADIZERO white,R,tip,0.30,,
1/16/2020,L40,Parley Prime LTD ADIZERO white,L,heel,0.99,,
1/16/2020,L40,Parley Prime LTD ADIZERO white,L,heel,1.09,,
1/16/2020,L40,Parley Prime LTD ADIZERO white,L,heel,1.11,,
1/16/2020,L40,Parley Prime LTD ADIZERO white,L,ball,0.60,,
1/16/2020,L40,Parley Prime LTD ADIZERO white,L,ball,0.58,,
1/16/2020,L40,Parley Prime LTD ADIZERO white,L,ball,0.54,,
1/16/2020,L40,Parley Prime LTD ADIZERO white,L,outer_arch,0.84,,
1/16/2020,L40,Parley Prime LTD ADIZERO white,L,outer_arch,0.78,,
1/16/2020,L40,Parley Prime LTD ADIZERO white,L,outer_arch,0.81,,
1/16/2020,L40,Parley Prime LTD ADIZERO white,L,tip,0.18,,
1/16/2020,L40,Parley Prime LTD ADIZERO white,L,tip,0.25,,
1/16/2020,L40,Parley Prime LTD ADIZERO white,L,tip,0.24,,
1/23/2020,R33,Parley Prime LTD ADIZERO black,R,heel,1.11,,
1/23/2020,R33,Parley Prime LTD ADIZERO black,R,heel,1.11,,
1/23/2020,R33,Parley Prime LTD ADIZERO black,R,heel,1.14,,
1/23/2020,R33,Parley Prime LTD ADIZERO black,R,ball,1.64,,
1/23/2020,R33,Parley Prime LTD ADIZERO black,R,ball,1.54,,
1/23/2020,R33,Parley Prime LTD ADIZERO black,R,ball,1.52,,
1/23/2020,R33,Parley Prime LTD ADIZERO black,R,outer_arch,1.18,,
1/23/2020,R33,Parley Prime LTD ADIZERO black,R,outer_arch,1.13,,
1/23/2020,R33,Parley Prime LTD ADIZERO black,R,outer_arch,1.11,,
1/23/2020,R33,Parley Prime LTD ADIZERO black,R,tip,1.29,,
1/23/2020,R33,Parley Prime LTD ADIZERO black,R,tip,1.36,,
1/23/2020,R33,Parley Prime LTD ADIZERO black,R,tip,1.33,,
1/23/2020,L33,Parley Prime LTD ADIZERO black,L,heel,1.28,,
1/23/2020,L33,Parley Prime LTD ADIZERO black,L,heel,1.23,,
1/23/2020,L33,Parley Prime LTD ADIZERO black,L,heel,1.27,,
1/23/2020,L33,Parley Prime LTD ADIZERO black,L,ball,1.63,,
1/23/2020,L33,Parley Prime LTD ADIZERO black,L,ball,1.59,,
1/23/2020,L33,Parley Prime LTD ADIZERO black,L,ball,1.63,,
1/23/2020,L33,Parley Prime LTD ADIZERO black,L,outer_arch,0.92,,
1/23/2020,L33,Parley Prime LTD ADIZERO black,L,outer_arch,0.94,,
1/23/2020,L33,Parley Prime LTD ADIZERO black,L,outer_arch,0.92,,
1/23/2020,L33,Parley Prime LTD ADIZERO black,L,tip,1.30,,
1/23/2020,L33,Parley Prime LTD ADIZERO black,L,tip,1.27,,
1/23/2020,L33,Parley Prime LTD ADIZERO black,L,tip,1.34,,
1/23/2020,R43,Parley Prime LTD ADIZERO black,R,heel,1.31,,
1/23/2020,R43,Parley Prime LTD ADIZERO black,R,heel,1.29,,
1/23/2020,R43,Parley Prime LTD ADIZERO black,R,heel,1.28,,
1/23/2020,R43,Parley Prime LTD ADIZERO black,R,ball,1.63,,
1/23/2020,R43,Parley Prime LTD ADIZERO black,R,ball,1.48,,
1/23/2020,R43,Parley Prime LTD ADIZERO black,R,ball,1.41,,
1/23/2020,R43,Parley Prime LTD ADIZERO black,R,outer_arch,1.21,,
1/23/2020,R43,Parley Prime LTD ADIZERO black,R,outer_arch,1.25,,
1/23/2020,R43,Parley Prime LTD ADIZERO black,R,outer_arch,1.22,,
1/23/2020,R43,Parley Prime LTD ADIZERO black,R,tip,1.26,,
1/23/2020,R43,Parley Prime LTD ADIZERO black,R,tip,1.18,,
1/23/2020,R43,Parley Prime LTD ADIZERO black,R,tip,1.20,,
1/23/2020,L43,Parley Prime LTD ADIZERO black,L,heel,1.35,,
1/23/2020,L43,Parley Prime LTD ADIZERO black,L,heel,1.33,,
1/23/2020,L43,Parley Prime LTD ADIZERO black,L,heel,1.34,,
1/23/2020,L43,Parley Prime LTD ADIZERO black,L,ball,1.76,,
1/23/2020,L43,Parley Prime LTD ADIZERO black,L,ball,1.75,,
1/23/2020,L43,Parley Prime LTD ADIZERO black,L,ball,1.72,,
1/23/2020,L43,Parley Prime LTD ADIZERO black,L,outer_arch,0.81,,
1/23/2020,L43,Parley Prime LTD ADIZERO black,L,outer_arch,0.85,,
1/23/2020,L43,Parley Prime LTD ADIZERO black,L,outer_arch,0.80,,
1/23/2020,L43,Parley Prime LTD ADIZERO black,L,tip,1.07,,
1/23/2020,L43,Parley Prime LTD ADIZERO black,L,tip,1.07,,
1/23/2020,L43,Parley Prime LTD ADIZERO black,L,tip,1.06,,
1/23/2020,R46,Parley Prime LTD ADIZERO black,R,heel,1.15,,
1/23/2020,R46,Parley Prime LTD ADIZERO black,R,heel,1.20,,
1/23/2020,R46,Parley Prime LTD ADIZERO black,R,heel,1.16,,
1/23/2020,R46,Parley Prime LTD ADIZERO black,R,ball,1.72,,
1/23/2020,R46,Parley Prime LTD ADIZERO black,R,ball,1.70,,
1/23/2020,R46,Parley Prime LTD ADIZERO black,R,ball,1.69,,
1/23/2020,R46,Parley Prime LTD ADIZERO black,R,outer_arch,0.66,,
1/23/2020,R46,Parley Prime LTD ADIZERO black,R,outer_arch,0.68,,
1/23/2020,R46,Parley Prime LTD ADIZERO black,R,outer_arch,0.69,,
1/23/2020,R46,Parley Prime LTD ADIZERO black,R,tip,1.18,,
1/23/2020,R46,Parley Prime LTD ADIZERO black,R,tip,1.09,,
1/23/2020,R46,Parley Prime LTD ADIZERO black,R,tip,1.06,,
1/23/2020,L46,Parley Prime LTD ADIZERO black,L,heel,1.20,,
1/23/2020,L46,Parley Prime LTD ADIZERO black,L,heel,1.17,,
1/23/2020,L46,Parley Prime LTD ADIZERO black,L,heel,1.21,,
1/23/2020,L46,Parley Prime LTD ADIZERO black,L,ball,1.47,,
1/23/2020,L46,Parley Prime LTD ADIZERO black,L,ball,1.54,,
1/23/2020,L46,Parley Prime LTD ADIZERO black,L,ball,1.49,,
1/23/2020,L46,Parley Prime LTD ADIZERO black,L,outer_arch,0.86,,
1/23/2020,L46,Parley Prime LTD ADIZERO black,L,outer_arch,0.89,,
1/23/2020,L46,Parley Prime LTD ADIZERO black,L,outer_arch,0.85,,
1/23/2020,L46,Parley Prime LTD ADIZERO black,L,tip,0.97,,
1/23/2020,L46,Parley Prime LTD ADIZERO black,L,tip,0.90,,
1/23/2020,L46,Parley Prime LTD ADIZERO black,L,tip,1.12,,
1/23/2020,R45,Parley Prime LTD ADIZERO black,R,heel,1.14,,
1/23/2020,R45,Parley Prime LTD ADIZERO black,R,heel,1.05,,
1/23/2020,R45,Parley Prime LTD ADIZERO black,R,heel,1.11,,
1/23/2020,R45,Parley Prime LTD ADIZERO black,R,ball,1.58,,
1/23/2020,R45,Parley Prime LTD ADIZERO black,R,ball,1.60,,
1/23/2020,R45,Parley Prime LTD ADIZERO black,R,ball,1.58,,
1/23/2020,R45,Parley Prime LTD ADIZERO black,R,outer_arch,1.14,,
1/23/2020,R45,Parley Prime LTD ADIZERO black,R,outer_arch,1.12,,
1/23/2020,R45,Parley Prime LTD ADIZERO black,R,outer_arch,1.08,,
1/23/2020,R45,Parley Prime LTD ADIZERO black,R,tip,1.09,,
1/23/2020,R45,Parley Prime LTD ADIZERO black,R,tip,1.11,,
1/23/2020,R45,Parley Prime LTD ADIZERO black,R,tip,1.07,,
1/23/2020,L45,Parley Prime LTD ADIZERO black,L,heel,1.24,,
1/23/2020,L45,Parley Prime LTD ADIZERO black,L,heel,1.19,,
1/23/2020,L45,Parley Prime LTD ADIZERO black,L,heel,1.23,,
1/23/2020,L45,Parley Prime LTD ADIZERO black,L,ball,1.89,,
1/23/2020,L45,Parley Prime LTD ADIZERO black,L,ball,1.80,,
1/23/2020,L45,Parley Prime LTD ADIZERO black,L,ball,1.85,,
1/23/2020,L45,Parley Prime LTD ADIZERO black,L,outer_arch,0.89,,
1/23/2020,L45,Parley Prime LTD ADIZERO black,L,outer_arch,0.83,,
1/23/2020,L45,Parley Prime LTD ADIZERO black,L,outer_arch,0.83,,
1/23/2020,L45,Parley Prime LTD ADIZERO black,L,tip,1.13,,
1/23/2020,L45,Parley Prime LTD ADIZERO black,L,tip,1.10,,
1/23/2020,L45,Parley Prime LTD ADIZERO black,L,tip,1.10,,
1/23/2020,R32,Parley Prime LTD ADIZERO white,R,heel,1.20,,
1/23/2020,R32,Parley Prime LTD ADIZERO white,R,heel,1.23,,
1/23/2020,R32,Parley Prime LTD ADIZERO white,R,heel,1.19,,
1/23/2020,R32,Parley Prime LTD ADIZERO white,R,ball,0.79,,
1/23/2020,R32,Parley Prime LTD ADIZERO white,R,ball,0.79,,
1/23/2020,R32,Parley Prime LTD ADIZERO white,R,ball,0.84,,
1/23/2020,R32,Parley Prime LTD ADIZERO white,R,outer_arch,0.87,,
1/23/2020,R32,Parley Prime LTD ADIZERO white,R,outer_arch,0.81,,
1/23/2020,R32,Parley Prime LTD ADIZERO white,R,outer_arch,0.84,,
1/23/2020,R32,Parley Prime LTD ADIZERO white,R,tip,0.88,,
1/23/2020,R32,Parley Prime LTD ADIZERO white,R,tip,0.87,,
1/23/2020,R32,Parley Prime LTD ADIZERO white,R,tip,0.85,,
1/23/2020,L32,Parley Prime LTD ADIZERO white,L,heel,1.38,,
1/23/2020,L32,Parley Prime LTD ADIZERO white,L,heel,1.39,,
1/23/2020,L32,Parley Prime LTD ADIZERO white,L,heel,1.38,,
1/23/2020,L32,Parley Prime LTD ADIZERO white,L,ball,0.92,,
1/23/2020,L32,Parley Prime LTD ADIZERO white,L,ball,0.93,,
1/23/2020,L32,Parley Prime LTD ADIZERO white,L,ball,0.94,,
1/23/2020,L32,Parley Prime LTD ADIZERO white,L,outer_arch,1.02,,
1/23/2020,L32,Parley Prime LTD ADIZERO white,L,outer_arch,0.98,,
1/23/2020,L32,Parley Prime LTD ADIZERO white,L,outer_arch,1.04,,
1/23/2020,L32,Parley Prime LTD ADIZERO white,L,tip,0.27,,
1/23/2020,L32,Parley Prime LTD ADIZERO white,L,tip,0.18,,
1/23/2020,L32,Parley Prime LTD ADIZERO white,L,tip,0.19,,
1/23/2020,R39,Parley Prime LTD ADIZERO white,R,heel,1.24,,
1/23/2020,R39,Parley Prime LTD ADIZERO white,R,heel,1.16,,
1/23/2020,R39,Parley Prime LTD ADIZERO white,R,heel,1.24,,
1/23/2020,R39,Parley Prime LTD ADIZERO white,R,ball,1.54,,
1/23/2020,R39,Parley Prime LTD ADIZERO white,R,ball,1.53,,
1/23/2020,R39,Parley Prime LTD ADIZERO white,R,ball,1.57,,
1/23/2020,R39,Parley Prime LTD ADIZERO white,R,outer_arch,1.05,,
1/23/2020,R39,Parley Prime LTD ADIZERO white,R,outer_arch,1.07,,
1/23/2020,R39,Parley Prime LTD ADIZERO white,R,outer_arch,1.07,,
1/23/2020,R39,Parley Prime LTD ADIZERO white,R,tip,1.01,,
1/23/2020,R39,Parley Prime LTD ADIZERO white,R,tip,1.04,,
1/23/2020,R39,Parley Prime LTD ADIZERO white,R,tip,1.04,,
1/23/2020,L39,Parley Prime LTD ADIZERO white,L,heel,1.33,,
1/23/2020,L39,Parley Prime LTD ADIZERO white,L,heel,1.22,,
1/23/2020,L39,Parley Prime LTD ADIZERO white,L,heel,1.34,,
1/23/2020,L39,Parley Prime LTD ADIZERO white,L,ball,1.26,,
1/23/2020,L39,Parley Prime LTD ADIZERO white,L,ball,1.34,,
1/23/2020,L39,Parley Prime LTD ADIZERO white,L,ball,1.30,,
1/23/2020,L39,Parley Prime LTD ADIZERO white,L,outer_arch,1.10,,
1/23/2020,L39,Parley Prime LTD ADIZERO white,L,outer_arch,1.09,,
1/23/2020,L39,Parley Prime LTD ADIZERO white,L,outer_arch,1.07,,
1/23/2020,L39,Parley Prime LTD ADIZERO white,L,tip,1.09,,
1/23/2020,L39,Parley Prime LTD ADIZERO white,L,tip,1.11,,
1/23/2020,L39,Parley Prime LTD ADIZERO white,L,tip,1.08,,
1/21/2020,R79,Reebok Bolton,R,heel,2.00,,
1/21/2020,R79,Reebok Bolton,R,heel,2.00,,
1/21/2020,R79,Reebok Bolton,R,heel,2.05,,
1/21/2020,R79,Reebok Bolton,R,ball,2.85,,
1/21/2020,R79,Reebok Bolton,R,ball,2.77,,
1/21/2020,R79,Reebok Bolton,R,ball,2.86,,
1/21/2020,R79,Reebok Bolton,R,outer_arch,2.97,,
1/21/2020,R79,Reebok Bolton,R,outer_arch,2.96,,
1/21/2020,R79,Reebok Bolton,R,outer_arch,2.96,,
1/21/2020,R79,Reebok Bolton,R,tip,1.17,,
1/21/2020,R79,Reebok Bolton,R,tip,1.15,,
1/21/2020,R79,Reebok Bolton,R,tip,1..21,,
1/21/2020,L79,Reebok Bolton,L,heel,1.91,,
1/21/2020,L79,Reebok Bolton,L,heel,1.91,,
1/21/2020,L79,Reebok Bolton,L,heel,1.90,,
1/21/2020,L79,Reebok Bolton,L,ball,2.78,,
1/21/2020,L79,Reebok Bolton,L,ball,2.85,,
1/21/2020,L79,Reebok Bolton,L,ball,2.85,,
1/21/2020,L79,Reebok Bolton,L,outer_arch,3.08,,
1/21/2020,L79,Reebok Bolton,L,outer_arch,3.01,,
1/21/2020,L79,Reebok Bolton,L,outer_arch,2.99,,
1/21/2020,L79,Reebok Bolton,L,tip,1.45,,
1/21/2020,L79,Reebok Bolton,L,tip,1.38,,
1/21/2020,L79,Reebok Bolton,L,tip,1.45,,
1/17/2020,R04,Reebok Endless Run,R,heel,1.60,,
1/17/2020,R04,Reebok Endless Run,R,heel,1.59,,
1/17/2020,R04,Reebok Endless Run,R,ball,1.10,,
1/17/2020,R04,Reebok Endless Run,R,ball,1.12,,
1/17/2020,R04,Reebok Endless Run,R,ball,1.10,,
1/17/2020,R04,Reebok Endless Run,R,outer_arch,2.03,,
1/17/2020,R04,Reebok Endless Run,R,outer_arch,1.97,,
1/17/2020,R04,Reebok Endless Run,R,outer_arch,2.02,,
1/17/2020,R04,Reebok Endless Run,R,tip,1.58,,
1/17/2020,R04,Reebok Endless Run,R,tip,1.59,,
1/17/2020,R04,Reebok Endless Run,R,tip,1.49,,
1/20/2020,R53,Reebok Endless Run,R,heel,1.49,,
1/20/2020,R53,Reebok Endless Run,R,heel,1.53,,
1/20/2020,R53,Reebok Endless Run,R,heel,1.52,,
1/20/2020,R53,Reebok Endless Run,R,ball,1.49,,
1/20/2020,R53,Reebok Endless Run,R,ball,1.46,,
1/20/2020,R53,Reebok Endless Run,R,ball,1.53,,
1/20/2020,R53,Reebok Endless Run,R,outer_arch,2.00,,
1/20/2020,R53,Reebok Endless Run,R,outer_arch,2.02,,
1/20/2020,R53,Reebok Endless Run,R,outer_arch,2.07,,
1/20/2020,R53,Reebok Endless Run,R,tip,1.89,,
1/20/2020,R53,Reebok Endless Run,R,tip,1.79,,
1/20/2020,R53,Reebok Endless Run,R,tip,1.76,,
1/20/2020,L53,Reebok Endless Run,L,heel,1.58,,
1/20/2020,L53,Reebok Endless Run,L,heel,1.64,,
1/20/2020,L53,Reebok Endless Run,L,heel,1.62,,
1/20/2020,L53,Reebok Endless Run,L,ball,1.38,,
1/20/2020,L53,Reebok Endless Run,L,ball,1.36,,
1/20/2020,L53,Reebok Endless Run,L,ball,1.42,,
1/20/2020,L53,Reebok Endless Run,L,outer_arch,2.06,,
1/20/2020,L53,Reebok Endless Run,L,outer_arch,2.08,,
1/20/2020,L53,Reebok Endless Run,L,outer_arch,2.07,,
1/20/2020,L53,Reebok Endless Run,L,tip,1.76,,
1/20/2020,L53,Reebok Endless Run,L,tip,1.72,,
1/20/2020,L53,Reebok Endless Run,L,tip,1.66,,
1/23/2020,R52,Reebok Endless Run,R,heel,1.81,,
1/23/2020,R52,Reebok Endless Run,R,heel,1.80,,
1/23/2020,R52,Reebok Endless Run,R,heel,1.77,,
1/23/2020,R52,Reebok Endless Run,R,ball,1.32,,
1/23/2020,R52,Reebok Endless Run,R,ball,1.39,,
1/23/2020,R52,Reebok Endless Run,R,ball,1.39,,
1/23/2020,R52,Reebok Endless Run,R,outer_arch,1.99,,
1/23/2020,R52,Reebok Endless Run,R,outer_arch,1.95,,
1/23/2020,R52,Reebok Endless Run,R,outer_arch,1.95,,
1/23/2020,R52,Reebok Endless Run,R,tip,1.46,,
1/23/2020,R52,Reebok Endless Run,R,tip,1.43,,
1/23/2020,R52,Reebok Endless Run,R,tip,1.50,,
1/23/2020,L52,Reebok Endless Run,L,heel,1.64,,
1/23/2020,L52,Reebok Endless Run,L,heel,1.60,,
1/23/2020,L52,Reebok Endless Run,L,heel,1.57,,
1/23/2020,L52,Reebok Endless Run,L,ball,1.34,,
1/23/2020,L52,Reebok Endless Run,L,ball,1.35,,
1/23/2020,L52,Reebok Endless Run,L,ball,1.38,,
1/23/2020,L52,Reebok Endless Run,L,outer_arch,1.97,,
1/23/2020,L52,Reebok Endless Run,L,outer_arch,1.90,,
1/23/2020,L52,Reebok Endless Run,L,outer_arch,1.89,,
1/23/2020,L52,Reebok Endless Run,L,tip,1.58,,
1/23/2020,L52,Reebok Endless Run,L,tip,1.55,,
1/23/2020,L52,Reebok Endless Run,L,tip,1.53,,
1/16/2020,R03,Reebok Endless Run,R,heel,1.56,,
1/16/2020,R03,Reebok Endless Run,R,heel,1.55,,
1/16/2020,R03,Reebok Endless Run,R,heel,1.51,,
1/16/2020,R03,Reebok Endless Run,R,ball,1.11,,
1/16/2020,R03,Reebok Endless Run,R,ball,1.19,,
1/16/2020,R03,Reebok Endless Run,R,ball,1.21,,
1/16/2020,R03,Reebok Endless Run,R,outer_arch,2.12,,
1/16/2020,R03,Reebok Endless Run,R,outer_arch,2.17,,
1/16/2020,R03,Reebok Endless Run,R,outer_arch,2.12,,
1/16/2020,R03,Reebok Endless Run,R,tip,1.62,,
1/16/2020,R03,Reebok Endless Run,R,tip,1.54,,
1/16/2020,R03,Reebok Endless Run,R,tip,1.52,,
1/16/2020,L03,Reebok Endless Run,L,heel,1.53,,
1/16/2020,L03,Reebok Endless Run,L,heel,1.42,,
1/16/2020,L03,Reebok Endless Run,L,heel,1.44,,
1/16/2020,L03,Reebok Endless Run,L,ball,1.26,,
1/16/2020,L03,Reebok Endless Run,L,ball,1.20,,
1/16/2020,L03,Reebok Endless Run,L,ball,1.22,,
1/16/2020,L03,Reebok Endless Run,L,outer_arch,1.90,,
1/16/2020,L03,Reebok Endless Run,L,outer_arch,1.94,,
1/16/2020,L03,Reebok Endless Run,L,outer_arch,1.84,,
1/16/2020,L03,Reebok Endless Run,L,tip,1.58,,
1/16/2020,L03,Reebok Endless Run,L,tip,1.72,,
1/16/2020,L03,Reebok Endless Run,L,tip,1.62,,
1/17/2020,R04,Reebok Endless Run,R,heel,1.51,,
1/17/2020,L04,Reebok Endless Run,L,heel,1.53,,
1/17/2020,L04,Reebok Endless Run,L,heel,1.56,,
1/17/2020,L04,Reebok Endless Run,L,heel,1.54,,
1/17/2020,L04,Reebok Endless Run,L,ball,1.32,,
1/17/2020,L04,Reebok Endless Run,L,ball,1.26,,
1/17/2020,L04,Reebok Endless Run,L,ball,1.23,,
1/17/2020,L04,Reebok Endless Run,L,outer_arch,1.94,,
1/17/2020,L04,Reebok Endless Run,L,outer_arch,1.82,,
1/17/2020,L04,Reebok Endless Run,L,outer_arch,1.83,,
1/17/2020,L04,Reebok Endless Run,L,tip,1.72,,
1/17/2020,L04,Reebok Endless Run,L,tip,1.56,,
1/17/2020,L04,Reebok Endless Run,L,tip,1.69,,
1/21/2020,R01,Reebok Endless Run,R,heel,1.96,,
1/21/2020,R01,Reebok Endless Run,R,heel,2.01,,
1/21/2020,R01,Reebok Endless Run,R,heel,1.89,,
1/21/2020,R01,Reebok Endless Run,R,ball,1.67,,
1/21/2020,R01,Reebok Endless Run,R,ball,1.66,,
1/21/2020,R01,Reebok Endless Run,R,ball,1.69,,
1/21/2020,R01,Reebok Endless Run,R,outer_arch,2.18,,
1/21/2020,R01,Reebok Endless Run,R,outer_arch,2.11,,
1/21/2020,R01,Reebok Endless Run,R,outer_arch,2.12,,
1/21/2020,R01,Reebok Endless Run,R,tip,1.37,,
1/21/2020,R01,Reebok Endless Run,R,tip,1.42,,
1/21/2020,R01,Reebok Endless Run,R,tip,1.36,,
1/21/2020,L01,Reebok Endless Run,L,heel,1.80,,
1/21/2020,L01,Reebok Endless Run,L,heel,1.82,,
1/21/2020,L01,Reebok Endless Run,L,heel,1.83,,
1/21/2020,L01,Reebok Endless Run,L,ball,1.71,,
1/21/2020,L01,Reebok Endless Run,L,ball,1.73,,
1/21/2020,L01,Reebok Endless Run,L,ball,1.73,,
1/21/2020,L01,Reebok Endless Run,L,outer_arch,1.96,,
1/21/2020,L01,Reebok Endless Run,L,outer_arch,1.96,,
1/21/2020,L01,Reebok Endless Run,L,outer_arch,1.98,,
1/21/2020,L01,Reebok Endless Run,L,tip,1.75,,
1/21/2020,L01,Reebok Endless Run,L,tip,1.73,,
1/21/2020,L01,Reebok Endless Run,L,tip,1.73,,
1/16/2020,R34,Ultra Boost Stella,R,heel,1.34,,
1/16/2020,R34,Ultra Boost Stella,R,heel,1.27,,
1/16/2020,R34,Ultra Boost Stella,R,heel,1.25,,
1/16/2020,R34,Ultra Boost Stella,R,ball,1.23,,
1/16/2020,R34,Ultra Boost Stella,R,ball,1.24,,
1/16/2020,R34,Ultra Boost Stella,R,ball,1.25,,
1/16/2020,R34,Ultra Boost Stella,R,outer_arch,1.65,,
1/16/2020,R34,Ultra Boost Stella,R,outer_arch,1.69,,
1/16/2020,R34,Ultra Boost Stella,R,outer_arch,1.65,,
1/16/2020,R34,Ultra Boost Stella,R,tip,1.64,,
1/16/2020,R34,Ultra Boost Stella,R,tip,1.56,,
1/16/2020,R34,Ultra Boost Stella,R,tip,1.59,,
1/16/2020,L34,Ultra Boost Stella,L,heel,0.95,,
1/16/2020,L34,Ultra Boost Stella,L,heel,0.88,,
1/16/2020,L34,Ultra Boost Stella,L,heel,0.85,,
1/16/2020,L34,Ultra Boost Stella,L,ball,0.80,,
1/16/2020,L34,Ultra Boost Stella,L,ball,0.77,,
1/16/2020,L34,Ultra Boost Stella,L,ball,0.92,,
1/16/2020,L34,Ultra Boost Stella,L,outer_arch,1.58,,
1/16/2020,L34,Ultra Boost Stella,L,outer_arch,1.59,,
1/16/2020,L34,Ultra Boost Stella,L,outer_arch,1.62,,
1/16/2020,L34,Ultra Boost Stella,L,tip,1.21,,
1/16/2020,L34,Ultra Boost Stella,L,tip,1.08,,
1/16/2020,L34,Ultra Boost Stella,L,tip,1.18,,
1/20/2020,R37,Ultra Boost Stella,R,heel,1.49,,
1/20/2020,R37,Ultra Boost Stella,R,heel,1.48,,
1/20/2020,R37,Ultra Boost Stella,R,heel,1.52,,
1/20/2020,R37,Ultra Boost Stella,R,ball,1.77,,
1/20/2020,R37,Ultra Boost Stella,R,ball,1.73,,
1/20/2020,R37,Ultra Boost Stella,R,ball,1.74,,
1/20/2020,R37,Ultra Boost Stella,R,outer_arch,1.90,,
1/20/2020,R37,Ultra Boost Stella,R,outer_arch,1.84,,
1/20/2020,R37,Ultra Boost Stella,R,outer_arch,1.89,,
1/20/2020,R37,Ultra Boost Stella,R,tip,1.55,,
1/20/2020,R37,Ultra Boost Stella,R,tip,1.53,,
1/20/2020,R37,Ultra Boost Stella,R,tip,1.59,,
1/20/2020,L37,Ultra Boost Stella,L,heel,1.36,,
1/20/2020,L37,Ultra Boost Stella,L,heel,1.50,,
1/20/2020,L37,Ultra Boost Stella,L,heel,1.42,,
1/20/2020,L37,Ultra Boost Stella,L,ball,1.81,,
1/20/2020,L37,Ultra Boost Stella,L,ball,1.76,,
1/20/2020,L37,Ultra Boost Stella,L,ball,1.71,,
1/20/2020,L37,Ultra Boost Stella,L,outer_arch,1.80,,
1/20/2020,L37,Ultra Boost Stella,L,outer_arch,1.81,,
1/20/2020,L37,Ultra Boost Stella,L,outer_arch,1.82,,
1/20/2020,L37,Ultra Boost Stella,L,tip,1.60,,
1/20/2020,L37,Ultra Boost Stella,L,tip,1.60,,
1/20/2020,L37,Ultra Boost Stella,L,tip,1.53,,
1/21/2020,R36,Ultra Boost Stella,R,heel,1.45,,
1/21/2020,R36,Ultra Boost Stella,R,heel,1.48,,
1/21/2020,R36,Ultra Boost Stella,R,heel,1.52,,
1/21/2020,R36,Ultra Boost Stella,R,ball,1.46,,
1/21/2020,R36,Ultra Boost Stella,R,ball,1.52,,
1/21/2020,R36,Ultra Boost Stella,R,ball,1.43,,
1/21/2020,R36,Ultra Boost Stella,R,outer_arch,1.74,,
1/21/2020,R36,Ultra Boost Stella,R,outer_arch,1.75,,
1/21/2020,R36,Ultra Boost Stella,R,outer_arch,1.78,,
1/21/2020,R36,Ultra Boost Stella,R,tip,1.41,,
1/21/2020,R36,Ultra Boost Stella,R,tip,1.48,,
1/21/2020,R36,Ultra Boost Stella,R,tip,1.38,,
1/21/2020,L36,Ultra Boost Stella,L,heel,1.64,,
1/21/2020,L36,Ultra Boost Stella,L,heel,1.55,,
1/21/2020,L36,Ultra Boost Stella,L,heel,1.58,,
1/21/2020,L36,Ultra Boost Stella,L,ball,1.51,,
1/21/2020,L36,Ultra Boost Stella,L,ball,1.56,,
1/21/2020,L36,Ultra Boost Stella,L,ball,1.53,,
1/21/2020,L36,Ultra Boost Stella,L,outer_arch,1.75,,
1/21/2020,L36,Ultra Boost Stella,L,outer_arch,1.84,,
1/21/2020,L36,Ultra Boost Stella,L,outer_arch,1.70,,
1/21/2020,L36,Ultra Boost Stella,L,tip,1.27,,
1/21/2020,L36,Ultra Boost Stella,L,tip,1.22,,
1/21/2020,L36,Ultra Boost Stella,L,tip,1.35,,
1/30/2020,R69,Adidas Ultratech,R,heel,3.76,,
1/30/2020,R69,Adidas Ultratech,R,heel,3.81,,
1/30/2020,R69,Adidas Ultratech,R,heel,3.86,,
1/30/2020,R69,Adidas Ultratech,R,ball,3.06,,
1/30/2020,R69,Adidas Ultratech,R,ball,3.12,,
1/30/2020,R69,Adidas Ultratech,R,ball,3.12,,
1/30/2020,R69,Adidas Ultratech,R,outer_arch,3.02,,
1/30/2020,R69,Adidas Ultratech,R,outer_arch,3.07,,
1/30/2020,R69,Adidas Ultratech,R,outer_arch,3.21,,
1/30/2020,R69,Adidas Ultratech,R,tip,3.34,,
1/30/2020,R69,Adidas Ultratech,R,tip,3.38,,
1/30/2020,R69,Adidas Ultratech,R,tip,3.38,,
1/30/2020,L69,Adidas Ultratech,L,heel,3.81,,
1/30/2020,L69,Adidas Ultratech,L,heel,3.75,,
1/30/2020,L69,Adidas Ultratech,L,heel,3.75,,
1/30/2020,L69,Adidas Ultratech,L,ball,2.99,,
1/30/2020,L69,Adidas Ultratech,L,ball,2.99,,
1/30/2020,L69,Adidas Ultratech,L,ball,3.01,,
1/30/2020,L69,Adidas Ultratech,L,outer_arch,3.26,,
1/30/2020,L69,Adidas Ultratech,L,outer_arch,3.25,,
1/30/2020,L69,Adidas Ultratech,L,outer_arch,3.27,,
1/30/2020,L69,Adidas Ultratech,L,tip,3.26,,
1/30/2020,L69,Adidas Ultratech,L,tip,3.16,,
1/30/2020,L69,Adidas Ultratech,L,tip,3.18,,
1/30/2020,R72,Adidas Ultratech,R,heel,3.44,,
1/30/2020,R72,Adidas Ultratech,R,heel,3.47,,
1/30/2020,R72,Adidas Ultratech,R,heel,3.43,,
1/30/2020,R72,Adidas Ultratech,R,ball,2.02,,
1/30/2020,R72,Adidas Ultratech,R,ball,2.06,,
1/30/2020,R72,Adidas Ultratech,R,ball,2.03,,
1/30/2020,R72,Adidas Ultratech,R,outer_arch,2.91,,
1/30/2020,R72,Adidas Ultratech,R,outer_arch,2.85,,
1/30/2020,R72,Adidas Ultratech,R,outer_arch,2.81,,
1/30/2020,R72,Adidas Ultratech,R,tip,2.12,,
1/30/2020,R72,Adidas Ultratech,R,tip,2.13,,
1/30/2020,R72,Adidas Ultratech,R,tip,2.07,,
1/30/2020,R72,Adidas Ultratech,L,heel,3.5,,
1/30/2020,R72,Adidas Ultratech,L,heel,3.59,,
1/30/2020,R72,Adidas Ultratech,L,heel,3.56,,
1/30/2020,R72,Adidas Ultratech,L,ball,2.27,,
1/30/2020,R72,Adidas Ultratech,L,ball,2.27,,
1/30/2020,R72,Adidas Ultratech,L,ball,2.29,,
1/30/2020,R72,Adidas Ultratech,L,outer_arch,2.81,,
1/30/2020,R72,Adidas Ultratech,L,outer_arch,2.74,,
1/30/2020,R72,Adidas Ultratech,L,outer_arch,2.72,,
1/30/2020,R72,Adidas Ultratech,L,tip,2.21,,
1/30/2020,R72,Adidas Ultratech,L,tip,2.26,,
1/30/2020,R72,Adidas Ultratech,L,tip,2.26,,
1/30/2020,R42,Parley Prime LTD ADIZERO black,R,heel,1.29,,
1/30/2020,R42,Parley Prime LTD ADIZERO black,R,heel,1.24,,
1/30/2020,R42,Parley Prime LTD ADIZERO black,R,heel,1.21,,
1/30/2020,R42,Parley Prime LTD ADIZERO black,R,ball,0.74,,
1/30/2020,R42,Parley Prime LTD ADIZERO black,R,ball,0.67,,
1/30/2020,R42,Parley Prime LTD ADIZERO black,R,ball,0.58,,
1/30/2020,R42,Parley Prime LTD ADIZERO black,R,outer_arch,0.28,,
1/30/2020,R42,Parley Prime LTD ADIZERO black,R,outer_arch,0.31,,
1/30/2020,R42,Parley Prime LTD ADIZERO black,R,outer_arch,0.3,,
1/30/2020,R42,Parley Prime LTD ADIZERO black,R,tip,0.75,,
1/30/2020,R42,Parley Prime LTD ADIZERO black,R,tip,0.62,,
1/30/2020,R42,Parley Prime LTD ADIZERO black,R,tip,1,,
1/30/2020,L42,Parley Prime LTD ADIZERO black,L,heel,0.94,,
1/30/2020,L42,Parley Prime LTD ADIZERO black,L,heel,1.14,,
1/30/2020,L42,Parley Prime LTD ADIZERO black,L,heel,1.09,,
1/30/2020,L42,Parley Prime LTD ADIZERO black,L,ball,0.85,,
1/30/2020,L42,Parley Prime LTD ADIZERO black,L,ball,0.79,,
1/30/2020,L42,Parley Prime LTD ADIZERO black,L,ball,0.71,,
1/30/2020,L42,Parley Prime LTD ADIZERO black,L,outer_arch,0.32,,
1/30/2020,L42,Parley Prime LTD ADIZERO black,L,outer_arch,0.24,,
1/30/2020,L42,Parley Prime LTD ADIZERO black,L,outer_arch,0.27,,
1/30/2020,L42,Parley Prime LTD ADIZERO black,L,tip,0.66,,
1/30/2020,L42,Parley Prime LTD ADIZERO black,L,tip,0.58,,
1/30/2020,L42,Parley Prime LTD ADIZERO black,L,tip,0.4,,
1/30/2020,R44,Parley Prime LTD ADIZERO white,R,heel,1.19,,
1/30/2020,R44,Parley Prime LTD ADIZERO white,R,heel,1.14,,
1/30/2020,R44,Parley Prime LTD ADIZERO white,R,heel,1.15,,
1/30/2020,R44,Parley Prime LTD ADIZERO white,R,ball,1.12,,
1/30/2020,R44,Parley Prime LTD ADIZERO white,R,ball,1.1,,
1/30/2020,R44,Parley Prime LTD ADIZERO white,R,ball,1.09,,
1/30/2020,R44,Parley Prime LTD ADIZERO white,R,outer_arch,0.89,,
1/30/2020,R44,Parley Prime LTD ADIZERO white,R,outer_arch,1.01,,
1/30/2020,R44,Parley Prime LTD ADIZERO white,R,outer_arch,1.05,,
1/30/2020,R44,Parley Prime LTD ADIZERO white,R,tip,0.95,,
1/30/2020,R44,Parley Prime LTD ADIZERO white,R,tip,0.81,,
1/30/2020,R44,Parley Prime LTD ADIZERO white,R,tip,0.71,,
1/30/2020,L44,Parley Prime LTD ADIZERO white,L,heel,1.38,,
1/30/2020,L44,Parley Prime LTD ADIZERO white,L,heel,1.33,,
1/30/2020,L44,Parley Prime LTD ADIZERO white,L,heel,1.29,,
1/30/2020,L44,Parley Prime LTD ADIZERO white,L,ball,1.21,,
1/30/2020,L44,Parley Prime LTD ADIZERO white,L,ball,1.2,,
1/30/2020,L44,Parley Prime LTD ADIZERO white,L,ball,1.17,,
1/30/2020,L44,Parley Prime LTD ADIZERO white,L,outer_arch,0.73,,
1/30/2020,L44,Parley Prime LTD ADIZERO white,L,outer_arch,0.73,,
1/30/2020,L44,Parley Prime LTD ADIZERO white,L,outer_arch,0.73,,
1/30/2020,L44,Parley Prime LTD ADIZERO white,L,tip,0.66,,
1/30/2020,L44,Parley Prime LTD ADIZERO white,L,tip,0.74,,
1/30/2020,L44,Parley Prime LTD ADIZERO white,L,tip,0.73,,
1/30/2020,R05,Reebok Endless Run,R,heel,1.65,,
1/30/2020,R05,Reebok Endless Run,R,heel,1.63,,
1/30/2020,R05,Reebok Endless Run,R,heel,1.68,,
1/30/2020,R05,Reebok Endless Run,R,ball,0.87,,
1/30/2020,R05,Reebok Endless Run,R,ball,0.9,,
1/30/2020,R05,Reebok Endless Run,R,ball,0.88,,
1/30/2020,R05,Reebok Endless Run,R,outer_arch,2.15,,
1/30/2020,R05,Reebok Endless Run,R,outer_arch,2.1,,
1/30/2020,R05,Reebok Endless Run,R,outer_arch,2.13,,
1/30/2020,R05,Reebok Endless Run,R,tip,1.68,,
1/30/2020,R05,Reebok Endless Run,R,tip,1.54,,
1/30/2020,R05,Reebok Endless Run,R,tip,1.7,,
1/30/2020,L05,Reebok Endless Run,L,heel,1.6,,
1/30/2020,L05,Reebok Endless Run,L,heel,1.45,,
1/30/2020,L05,Reebok Endless Run,L,heel,1.49,,
1/30/2020,L05,Reebok Endless Run,L,ball,1.13,,
1/30/2020,L05,Reebok Endless Run,L,ball,1.04,,
1/30/2020,L05,Reebok Endless Run,L,ball,1.08,,
1/30/2020,L05,Reebok Endless Run,L,outer_arch,1.87,,
1/30/2020,L05,Reebok Endless Run,L,outer_arch,1.86,,
1/30/2020,L05,Reebok Endless Run,L,outer_arch,1.88,,
1/30/2020,L05,Reebok Endless Run,L,tip,1.26,,
1/30/2020,L05,Reebok Endless Run,L,tip,1.25,,
1/30/2020,L05,Reebok Endless Run,L,tip,1.27,,
1/30/2020,R63,Adidas Nizza(60A) black,R,heel,1.76,,
1/30/2020,R63,Adidas Nizza(60A) black,R,heel,1.66,,
1/30/2020,R63,Adidas Nizza(60A) black,R,heel,1.63,,
1/30/2020,R63,Adidas Nizza(60A) black,R,ball,2.79,,
1/30/2020,R63,Adidas Nizza(60A) black,R,ball,2.64,,
1/30/2020,R63,Adidas Nizza(60A) black,R,ball,2.68,,
1/30/2020,R63,Adidas Nizza(60A) black,R,outer_arch,3.05,,
1/30/2020,R63,Adidas Nizza(60A) black,R,outer_arch,3.19,,
1/30/2020,R63,Adidas Nizza(60A) black,R,outer_arch,3.1,,
1/30/2020,R63,Adidas Nizza(60A) black,R,tip,2.72,,
1/30/2020,R63,Adidas Nizza(60A) black,R,tip,2.74,,
1/30/2020,R63,Adidas Nizza(60A) black,R,tip,2.69,,
1/30/2020,L63,Adidas Nizza(60A) black,L,heel,1.49,,
1/30/2020,L63,Adidas Nizza(60A) black,L,heel,1.42,,
1/30/2020,L63,Adidas Nizza(60A) black,L,heel,1.46,,
1/30/2020,L63,Adidas Nizza(60A) black,L,ball,3.15,,
1/30/2020,L63,Adidas Nizza(60A) black,L,ball,3.17,,
1/30/2020,L63,Adidas Nizza(60A) black,L,ball,3.01,,
1/30/2020,L63,Adidas Nizza(60A) black,L,outer_arch,3.25,,
1/30/2020,L63,Adidas Nizza(60A) black,L,outer_arch,3.38,,
1/30/2020,L63,Adidas Nizza(60A) black,L,outer_arch,3.08,,
1/30/2020,L63,Adidas Nizza(60A) black,L,tip,2.79,,
1/30/2020,L63,Adidas Nizza(60A) black,L,tip,2.79,,
1/30/2020,L63,Adidas Nizza(60A) black,L,tip,2.72,,
,L38,Ultra Boost Stella,L,heel,1.54,,
,L38,Ultra Boost Stella,L,heel,1.51,,
,L38,Ultra Boost Stella,L,heel,1.46,,
,L38,Ultra Boost Stella,L,ball,1.77,,
,L38,Ultra Boost Stella,L,ball,1.74,,
,L38,Ultra Boost Stella,L,ball,1.54,,
,L38,Ultra Boost Stella,L,outer_arch,1.91,,
,L38,Ultra Boost Stella,L,outer_arch,1.91,,
,L38,Ultra Boost Stella,L,outer_arch,1.88,,
,L38,Ultra Boost Stella,L,tip,1.69,,
,L38,Ultra Boost Stella,L,tip,1.64,,
,L38,Ultra Boost Stella,L,tip,1.62,,
,L47,Adidas Astrarun (60A),L,heel,2.01,,
,L47,Adidas Astrarun (60A),L,heel,2.05,,
,L47,Adidas Astrarun (60A),L,heel,1.98,,
,L47,Adidas Astrarun (60A),L,ball,1.75,,
,L47,Adidas Astrarun (60A),L,ball,1.71,,
,L47,Adidas Astrarun (60A),L,ball,1.73,,
,L47,Adidas Astrarun (60A),L,outer_arch,1.92,,
,L47,Adidas Astrarun (60A),L,outer_arch,1.95,,
,L47,Adidas Astrarun (60A),L,outer_arch,1.90,,
,L47,Adidas Astrarun (60A),L,tip,1.81,,
,L47,Adidas Astrarun (60A),L,tip,1.78,,
,L47,Adidas Astrarun (60A),L,tip,1.77,,
,L54,Adidas Nizza(50A syn) white,L,heel,1.73,,
,L54,Adidas Nizza(50A syn) white,L,heel,1.72,,
,L54,Adidas Nizza(50A syn) white,L,heel,1.86,,
,L54,Adidas Nizza(50A syn) white,L,ball,3.35,,
,L54,Adidas Nizza(50A syn) white,L,ball,3.34,,
,L54,Adidas Nizza(50A syn) white,L,ball,3.36,,
,L54,Adidas Nizza(50A syn) white,L,outer_arch,3.61,,
,L54,Adidas Nizza(50A syn) white,L,outer_arch,3.26,,
,L54,Adidas Nizza(50A syn) white,L,outer_arch,3.45,,
,L54,Adidas Nizza(50A syn) white,L,tip,3.12,,
,L54,Adidas Nizza(50A syn) white,L,tip,3.1,,
,L54,Adidas Nizza(50A syn) white,L,tip,3.12,,
,L68,Adidas Terrex Boat,L,heel,1.81,,
,L68,Adidas Terrex Boat,L,heel,1.76,,
,L68,Adidas Terrex Boat,L,heel,1.72,,
,L68,Adidas Terrex Boat,L,ball,1.39,,
,L68,Adidas Terrex Boat,L,ball,1.27,,
,L68,Adidas Terrex Boat,L,ball,1.29,,
,L68,Adidas Terrex Boat,L,outer_arch,1.72,,
,L68,Adidas Terrex Boat,L,outer_arch,1.75,,
,L68,Adidas Terrex Boat,L,outer_arch,1.78,,
,L68,Adidas Terrex Boat,L,tip,1.82,,
,L68,Adidas Terrex Boat,L,tip,1.79,,
,L68,Adidas Terrex Boat,L,tip,1.82,,
,L73,Adidas Ultratech,L,heel,3.88,,
,L73,Adidas Ultratech,L,heel,3.88,,
,L73,Adidas Ultratech,L,heel,3.94,,
,L73,Adidas Ultratech,L,ball,3.28,,
,L73,Adidas Ultratech,L,ball,3.29,,
,L73,Adidas Ultratech,L,ball,3.07,,
,L73,Adidas Ultratech,L,outer_arch,3.4,,
,L73,Adidas Ultratech,L,outer_arch,3.4,,
,L73,Adidas Ultratech,L,outer_arch,3.36,,
,L73,Adidas Ultratech,L,tip,3.27,,
,L73,Adidas Ultratech,L,tip,3.29,,
,L73,Adidas Ultratech,L,tip,3.25,,
,R38,Ultra Boost Stella,R,heel,1.56,,
,R38,Ultra Boost Stella,R,heel,1.56,,
,R38,Ultra Boost Stella,R,heel,1.53,,
,R38,Ultra Boost Stella,R,ball,1.65,,
,R38,Ultra Boost Stella,R,ball,1.82,,
,R38,Ultra Boost Stella,R,ball,1.74,,
,R38,Ultra Boost Stella,R,outer_arch,1.84,,
,R38,Ultra Boost Stella,R,outer_arch,1.83,,
,R38,Ultra Boost Stella,R,outer_arch,1.84,,
,R38,Ultra Boost Stella,R,tip,1.33,,
,R38,Ultra Boost Stella,R,tip,1.45,,
,R38,Ultra Boost Stella,R,tip,1.44,,
,R47,Adidas Astrarun (60A),R,heel,1.93,,
,R47,Adidas Astrarun (60A),R,heel,1.92,,
,R47,Adidas Astrarun (60A),R,heel,1.92,,
,R47,Adidas Astrarun (60A),R,ball,1.81,,
,R47,Adidas Astrarun (60A),R,ball,1.91,,
,R47,Adidas Astrarun (60A),R,ball,1.86,,
,R47,Adidas Astrarun (60A),R,outer_arch,1.92,,
,R47,Adidas Astrarun (60A),R,outer_arch,1.92,,
,R47,Adidas Astrarun (60A),R,outer_arch,1.83,,
,R47,Adidas Astrarun (60A),R,tip,2.14,,
,R47,Adidas Astrarun (60A),R,tip,2.06,,
,R47,Adidas Astrarun (60A),R,tip,2.12,,
,R54,Adidas Nizza(50A syn) white,R,heel,1.82,,
,R54,Adidas Nizza(50A syn) white,R,heel,1.80,,
,R54,Adidas Nizza(50A syn) white,R,heel,1.89,,
,R54,Adidas Nizza(50A syn) white,R,ball,3.28,,
,R54,Adidas Nizza(50A syn) white,R,ball,3.24,,
,R54,Adidas Nizza(50A syn) white,R,ball,3.21,,
,R54,Adidas Nizza(50A syn) white,R,outer_arch,2.96,,
,R54,Adidas Nizza(50A syn) white,R,outer_arch,2.78,,
,R54,Adidas Nizza(50A syn) white,R,outer_arch,2.96,,
,R54,Adidas Nizza(50A syn) white,R,tip,3.08,,
,R54,Adidas Nizza(50A syn) white,R,tip,3.01,,
,R54,Adidas Nizza(50A syn) white,R,tip,3.18,,
,R68,Adidas Terrex Boat,R,heel,1.72,,
,R68,Adidas Terrex Boat,R,heel,1.74,,
,R68,Adidas Terrex Boat,R,heel,1.63,,
,R68,Adidas Terrex Boat,R,ball,1.38,,
,R68,Adidas Terrex Boat,R,ball,1.36,,
,R68,Adidas Terrex Boat,R,ball,1.47,,
,R68,Adidas Terrex Boat,R,outer_arch,1.8,,
,R68,Adidas Terrex Boat,R,outer_arch,1.84,,
,R68,Adidas Terrex Boat,R,outer_arch,1.8,,
,R68,Adidas Terrex Boat,R,tip,1.7,,
,R68,Adidas Terrex Boat,R,tip,1.67,,
,R68,Adidas Terrex Boat,R,tip,1.7,,
,R73,Adidas Ultratech,R,heel,4.06,,
,R73,Adidas Ultratech,R,heel,3.97,,
,R73,Adidas Ultratech,R,heel,4.02,,
,R73,Adidas Ultratech,R,ball,3.32,,
,R73,Adidas Ultratech,R,ball,3.35,,
,R73,Adidas Ultratech,R,ball,3.41,,
,R73,Adidas Ultratech,R,outer_arch,3.62,,
,R73,Adidas Ultratech,R,outer_arch,3.61,,
,R73,Adidas Ultratech,R,outer_arch,3.63,,
,R73,Adidas Ultratech,R,tip,3.39,,
,R73,Adidas Ultratech,R,tip,3.38,,
,R73,Adidas Ultratech,R,tip,3.41,,